barcode,location,author,title,publisher_code,status
31426,ECE,SERGIO FRANCO,Design with Operational Amplifiers and Analog Integrated Circuits,TATAMCGRAW-HILL,Available
31427,ECE,SERGIO FRANCO,Design with Operational Amplifiers and Analog Integrated Circuits,TATAMCGRAW-HILL,Available
31428,ECE,SERGIO FRANCO,Design with Operational Amplifiers and Analog Integrated Circuits,TATAMCGRAW-HILL,Available
31429,ECE,SERGIO FRANCO,Design with Operational Amplifiers and Analog Integrated Circuits,TATAMCGRAW-HILL,Not for loan
31430,ECE,SIMON HAYKIN,Signals And Systems,JOHNWIILEY&SONS,Available
31431,ECE,SIMON HAYKIN,Signals And Systems,JOHNWIILEY&SONS,Available
31432,ECE,SIMON HAYKIN,Signals And Systems,JOHNWIILEY&SONS,Available
31433,ECE,SIMON HAYKIN,Signals And Systems,JOHNWIILEY&SONS,Available
31434,ECE,SIMON HAYKIN,Signals And Systems,JOHNWIILEY&SONS,Available
31435,ECE,SIMON HAYKIN,Signals And Systems,JOHNWIILEY&SONS,Available
31436,ECE,SIMON HAYKIN,Signals And Systems,JOHNWIILEY&SONS,Available
31437,ECE,SIMON HAYKIN,Signals And Systems,JOHNWIILEY&SONS,Available
31438,ECE,SIMON HAYKIN,Signals And Systems,JOHNWIILEY&SONS,Available
31439,ECE,SIMON HAYKIN,Signals And Systems,JOHNWIILEY&SONS,Not for loan
31440,ECE,WILLIAM STALLINGS,Data And Computer Communications,PRENTICEHALLOFINDIA,Available
31441,MBA,BISWAJEET PATTANAYAK,HUMAN  RESOURCE MANAGEMENT,PRENTICEHALL,Available
31442,MBA,BISWAJEET PATTANAYAK,HUMAN  RESOURCE MANAGEMENT,PRENTICEHALL,Available
31443,MBA,BISWAJEET PATTANAYAK,HUMAN  RESOURCE MANAGEMENT,PRENTICEHALL,Available
31444,MBA,BISWAJEET PATTANAYAK,HUMAN  RESOURCE MANAGEMENT,PRENTICEHALL,Not for loan
31445,MBA,EDWARD T DOWLING,THEORY AND PROBLEMS OF INTRODUCTION TO MATHEMATICAL ECONOMICS,TATAMCGRAW-HILL,Available
31446,MBA,EDWARD T DOWLING,THEORY AND PROBLEMS OF INTRODUCTION TO MATHEMATICAL ECONOMICS,TATAMCGRAW-HILL,Not for loan
31447,MBA,M Y KHAN,Financial Management,TATAMCGRAW-HILL,Available
31448,MBA,M Y KHAN,Financial Management,TATAMCGRAW-HILL,Available
31449,MBA,M Y KHAN,Financial Management,TATAMCGRAW-HILL,Available
31450,MBA,M Y KHAN,Financial Management,TATAMCGRAW-HILL,Available
31451,MBA,M Y KHAN,Financial Management,TATAMCGRAW-HILL,Available
31452,MBA,M Y KHAN,Financial Management,TATAMCGRAW-HILL,Available
31453,MBA,M Y KHAN,Financial Management,TATAMCGRAW-HILL,Not for loan
31454,ECE,WILLIAM D STANLEY,Operational Amplifiers and Linear Integrated Circuits,PEARSIONEDUCATION,Available
31455,ECE,WILLIAM D STANLEY,OPERATIIONAL AMPLIFIERS AND LINEAR INTEGRATED CIRCUITS,PEARSONEDUCATION,Not for loan
31456,ECE,WILLIAM D STANLEY,Operational Amplifiers and Linear Integrated Circuits,PEARSIONEDUCATION,Available
31457,ECE,WILLIAM D STANLEY,Operational Amplifiers and Linear Integrated Circuits,PEARSONEDUCATION,Available
31458,ECE,WILLIAM D STANLEY,Operational Amplifiers and Linear Integrated Circuits,PEARSONEDUCATION,Not for loan
31459,CSE,FRED HALLSAL,"DATA COMMUNICATION, COMPUTER NETWORK AND OPEN SYSTEMS",PEARSONEDUCATION,Available
31460,CSE,FRED HALLSAL,"DATA COMMUNICATION, COMPUTER NETWORK AND OPEN SYSTEMS",PEARSONEDUCATION,Available
31463,CSE,FRED HALLSAL,"DATA COMMUNICATION, COMPUTER NETWORK AND OPEN SYSTEMS",PEARSONEDUCATION,Available
31464,CSE,FRED HALLSAL,"DATA COMMUNICATION, COMPUTER NETWORK AND OPEN SYSTEMS",PEARSONEDUCATION,Not for loan
31466,ECE,ALAN V OPPENHEIM,Signal And Systems,PEARSONEDUCATION,Available
31468,ECE,ALAN V OPPENHEIM,Signal And Systems,PEARSONEDUCATION,Available
31469,ECE,ALAN V OPPENHEIM,Signal And Systems,PEARSONEDUCATION,Available
31470,ECE,ALAN V OPPENHEIM,Signal And Systems,PEARSONEDUCATION,Available
31471,ECE,ALAN V OPPENHEIM,Signal And Systems,PEARSONEDUCATION,Available
31472,ECE,ALAN V OPPENHEIM,Signal And Systems,PEARSONEDUCATION,Not for loan
31473,EIE,JOSEPH J CARR,INTRODUCTION TO BIOMEDICAL EQUIPMENT TECHNOLOGY,PEARSIONEDUCATION,Not for loan
31474,ECE,JACOB MILLMAN,INTEGRATED ELCTROINCS,TATAMCGRAW-HILLPUBLISHINGCOLTD,Available
31475,ECE,JACOB MILLMAN,INTEGRATED ELCTROINCS,TATAMCGRAW-HILLPUBLISHINGCOLTD,Available
31476,ECE,JACOB MILLMAN,INTEGRATED ELCTROINCS,TATAMCGRAW-HILLPUBLISHINGCOLTD,Available
31477,ECE,JACOB MILLMAN,INTEGRATED ELCTROINCS,TATAMCGRAW-HILLPUBLISHINGCOLTD,Available
31478,ECE,JACOB MILLMAN,INTEGRATED ELCTROINCS,TATAMCGRAW-HILLPUBLISHINGCOLTD,Not for loan
31479,ECE,JOHN G PROAKIS,DIGITAL COMMUNICATIONS,MCGRAW-HILL,Available
31480,ECE,JOHN G PROAKIS,DIGITAL COMMUNICATIONS,MCGRAW-HILL,Available
31481,ECE,JOHN G PROAKIS,DIGITAL COMMUNICATIONS,MCGRAW-HILL,Available
31482,ECE,JOHN G PROAKIS,DIGITAL COMMUNICATIONS,MCGRAW-HILL,Available
31483,ECE,JOHN G PROAKIS,DIGITAL COMMUNICATIONS,MCGRAW-HILL,Available
31484,ECE,JOHN G PROAKIS,DIGITAL COMMUNICATIONS,MCGRAW-HILL,Available
31485,ECE,JOHN G PROAKIS,DIGITAL COMMUNICATIONS,MCGRAW-HILL,Not for loan
31486,IT,BEHROUS A FOROUZAN,TCP/IP PROTOCOL SOITE,TATAMCGRAW-HILL,Available
31487,IT,BEHROUS A FOROUZAN,TCP/IP PROTOCOL SOITE,TATAMCGRAW-HILL,Available
31488,IT,BEHROUS A FOROUZAN,TCP/IP PROTOCOL SOITE,TATAMCGRAW-HILL,Available
31489,IT,BEHROUS A FOROUZAN,TCP/IP PROTOCOL SOITE,TATAMCGRAW-HILL,Available
31490,IT,BEHROUS A FOROUZAN,TCP/IP PROTOCOL SOITE,TATAMCGRAW-HILL,Available
31491,IT,BEHROUS A FOROUZAN,TCP/IP PROTOCOL SOITE,TATAMCGRAW-HILL,Available
31492,IT,BEHROUS A FOROUZAN,TCP/IP PROTOCOL SOITE,TATAMCGRAW-HILL,Available
31493,IT,BEHROUS A FOROUZAN,TCP/IP PROTOCOL SOITE,TATAMCGRAW-HILL,Available
31494,IT,BEHROUS A FOROUZAN,TCP/IP PROTOCOL SOITE,TATAMCGRAW-HILL,Not for loan
31495,MATHS,MARY L BOAS,MATHEMATICAL METHODS IN THE PHYSICAL SCIENCES,JOHNWILEY&SONS,Available
31496,MATHS,MARY L BOAS,MATHEMATICAL METHODS IN THE PHYSICAL SCIENCES,JOHNWILEY&SONS,Available
31497,MATHS,MARY L BOAS,MATHEMATICAL METHODS IN THE PHYSICAL SCIENCES,JOHNWILEY&SONS,Available
31498,MATHS,HOWARD ANTON,CALCULUS,JOHNWILEY&SONS,Not for loan
31504,MECH,JAMES SUCEC,HEAT TRANSFER,JAICOPLUBLISHINGHOUSE,Available
31505,MECH,C ELANCHEZHIAN,"DESIGN JIGS, FIXTURES AND PRESS TOOLS",ESWARPRESS,Available
31506,MECH,C ELANCHEZHIAN,"DESIGN JIGS, FIXTURES AND PRESS TOOLS",ESWARPRESS,Available
31507,MECH,C ELANCHEZHIAN,"DESIGN JIGS, FIXTURES AND PRESS TOOLS",ESWARPRESS,Available
31508,MECH,C ELANCHEZHIAN,"DESIGN JIGS, FIXTURES AND PRESS TOOLS",ESWARPRESS,Available
31509,MECH,C ELANCHEZHIAN,"DESIGN JIGS, FIXTURES AND PRESS TOOLS",ESWARPRESS,Not for loan
31510,MECH,C ELANCHEZHIAN,ENGINEERING METROLOGY,ESWARPRESS,Available
31511,MECH,C ELANCHEZHIAN,ENGINEERING METROLOGY,ESWARPRESS,Available
31512,MECH,C ELANCHEZHIAN,ENGINEERING METROLOGY,ESWARPRESS,Available
31513,MECH,ELANCHEZHIAN C,ENGINEERING METROLOGY,ESWARPRESS,Available
31514,MECH,C ELANCHEZHIAN,ENGINEERING METROLOGY,ESWARPRESS,Not for loan
31515,CSE,DR R KESAVAN,COMPUTER AIDED MANUFACTURING,ESWARPRESS,Available
31516,CSE,DR R KESAVAN,COMPUTER AIDED MANUFACTURING,ESWARPRESS,Available
31517,CSE,DR R KESAVAN,COMPUTER AIDED MANUFACTURING,ESWARPRESS,Available
31518,CSE,DR R KESAVAN,COMPUTER AIDED MANUFACTURING,ESWARPRESS,Available
31519,CSE,DR R KESAVAN,COMPUTER AIDED MANUFACTURING,ESWARPRESS,Not for loan
31520,EIE,A J BOUWENS,Digital Instrumentation,TATAMCGRAW-HILL,Available
31521,EIE,A J BOUWENS,Digital Instrumentation,TATAMCGRAW-HILL,Available
31522,MBA,JACK CLARK FRANCIS,SCHAUMS OUTLINES INVESTMENTS,TATAMCGRAW-HILLPUBLISHINGCOLTD,Available
31523,MBA,JACK CLARK FRANCIS,SCHAUMS OUTLINES INVESTMENTS,TATAMCGRAW-HILLPUBLISHINGCOLTD,Not for loan
31524,MBA,JAE K SHIM,SCHAUMS OUTLINES FINANCIAL MANAGEMENT,TATAMCGRAW-HILLPUBLISHINGCOLTD,Not for loan
31525,PHY,P K PALANISAMY,MATERIALS SICENCE FOR ELECTRONICS ENGINEEERS,SCITECPUBLICATIONS,Available
31526,PHY,P K PALANISAMY,MATERIALS SICENCE FOR ELECTRONICS ENGINEEERS,SCITECPUBLICATIONS,Not for loan
31527,PHY,DR.M.ARUMUGAM,PHYSICS II,ANURADHA,Not for loan
31528,CSE,SILBERSCHATZ,OPERATING SYSTEM  CONCEPTS,JOHNWILEY&SONS,Available
31529,CSE,SILBERSCHATZ,OPERATING SYSTEM  CONCEPTS,JOHNWILEY&SONS,Available
31530,CSE,SILBERSCHATZ,OPERATING SYSTEM  CONCEPTS,JOHNWILEY&SONS,Available
31531,CSE,SILBERSCHATZ,OPERATING SYSTEM  CONCEPTS,JOHNWILEY&SONS,Available
31532,CSE,SILBERSCHATZ,OPERATING SYSTEM  CONCEPTS,JOHNWILEY&SONS,Not for loan
31533,CSE,WOLF WAYNE,COMPUTERS AS COMPONENTS,MORGANKAOFMANNPUBLISHERS,Not for loan
31534,MATHS,A SINGARAVELU,PROBABILITY AND QUEUEING THEORY,MEENAKSHIAGENCY,Not for loan
31535,MATHS,A SINGARAVELU,PROBABILITY AND RANDOM PROCESSES,MEENAKSHIAGENCY,Not for loan
31536,MATHS,A SINGARAVELU,Probability and Statistics,MEENAKSHIAGENCY,Not for loan
31537,IT,P KALAISELVI,PRINCIPLES OF COMPILER DESIGN,PRATHEEBA-COIMBATOR,Not for loan
31538,CSE,DAVID J KRUGLINSKI,PROGRAMMING MICROSOFT VISUAL C++,MICROSOFTPRESS,Available
31540,MCA,DAVID J KRUGLINSKI,PROGRAMMING MICROSOFT VISUAL C++,MICROSOFTPRESS,Available
31541,MCA,DAVID J KRUGLINSKI,PROGRAMMING MICROSOFT VISUAL C++,WPPUBLICATIONS&DISTRIBUTORSPVTLTD,Available
31542,MCA,DAVID J KRUGLINSKI,PROGRAMMING MICROSOFT VISUAL C++,WPPUBLICATIONS&DISTRIBUTORSPVTLTD,Available
31543,CSE,DAVID J KRUGLINSKI,PROGRAMMING MICROSOFT VISUAL C++,WPPUBLICATIONS&DISTRIBUTORSPVTLTD,Available
31544,CSE,DAVID J KRUGLINSKI,VISUAL C++,WPPUBLISHERS,Not for loan
31545,CSE,DAVID J KRUGLINSKI,PROGRAMMING  MICROSOFT VISUAL C+,WPPUBLISHER&DISTRIBUTORS(P)LTD.,Not for loan
31546,CSE,KRUGLINSKI D T,PROGRAMMING MICROSOFT VISUAL C++,WPPUBLICATIONS&DISTRIBUTORSPVTLTD,Available
31547,CSE,DAVID J KRUGLINSKI,PROGRAMMING MICROSOFT VISUAL C++,WPPUBLICATIONS&DISTRIBUTORSPVTLTD,Not for loan
31548,CSE,ANANY LEVITIN,INTRODUCTION TO THE DESIGN & ANALYSIS OF ALGORITHMS,PEARSONEDUCATION,Available
31550,CSE,ANANY LEVITIN,INTRODUCTION TO THE DESIGN & ANALYSIS OF ALGORITHMS,PEARSONEDUCATION,Available
31551,CSE,ANANY LEVITIN,INTRODUCTION TO THE DESIGN AND ANALYSIS OF ALGORITHMS,PEARSIONEDUCATION,Available
31552,CSE,ANANY LEVITIN,INTRODUCTION TO THE DESGIN AND ANALYSIS OF ALGORITHMS,PEARSIONEDUCATION,Available
31553,CSE,ANANY LEVITIN,INTRODUCTION TO THE DESGIN AND ANALYSIS OF ALGORITHMS,PEARSIONEDUCATION,Available
31554,CSE,ANANY LEVITIN,INTRODUCTION TO THE DESIGN & ANALYSIS OF ALGORITHMS,PEARSONEDUCATION,Available
31555,CSE,ANANY LEVITIN,INTRODUCTION TO THE DESGIN AND ANALYSIS OF ALGORITHMS,PEARSIONEDUCATION,Available
31556,CSE,ANANY LEVITIN,THE DESIGN AND ANALYSIS OF ALGORITHMS,PEARSIONEDUCATION,Not for loan
31557,CSE,ANANY LEVITIN,INTRODUCTION TO THE DESIGN AND ANALYSIS OF ALGORITHMS,PEARSIONEDUCATION,Not for loan
31558,CSE,ANANY LEVITIN,INTRODUCTION TO THE DESIGN & ANALYSIS OF ALGORITHMS,PEARSONEDUCATION,Not for loan
31560,CSE,ANANY LEVITIN,INTRODUCTION TO THE DESGIN AND ANALYSIS OF ALGORITHMS,PEARSIONEDUCATION,Not for loan
31561,CSE,ANANY LEVITIN,INTRODUCTION TO THE DESIGN & ANALYSIS OF ALOGRITHM,PEARSONEDUCATION,Not for loan
31562,CSE,ELMASRI,Fundamentals of Database Systems,PEARSONEDUCATION,Available
31563,CSE,ELMASRI,Fundamentals of Database Systems,PEARSONEDUCATION,Available
31564,CSE,ELMASRI,Fundamentals of Database Systems,PEARSONEDUCATION,Available
31566,CSE,ELMASRI,Fundamentals of Database Systems,PEARSONEDUCATION,Not for loan
31567,EEE,T.NAGESWARA RAO,Electric Circuit Analysis,ARPUBLICATIONS,Available
31568,EEE,T.NAGESWARA RAO,Electric Circuit Analysis,ARPUBLICATIONS,Available
31569,EEE,T.NAGESWARA RAO,Electric Circuit Analysis,ARPUBLICATIONS,Available
31570,EEE,T.NAGESWARA RAO,Electric Circuit Analysis,ARPUBLICATIONS,Available
31571,EEE,T.NAGESWARA RAO,Electric Circuit Analysis,ARPUBLICATIONS,Available
31572,EEE,T.NAGESWARA RAO,Electric Circuit Analysis,ARPUBLICATIONS,Available
31573,EEE,T.NAGESWARA RAO,Electric Circuit Analysis,ARPUBLICATIONS,Available
31574,EEE,T.NAGESWARA RAO,Electric Circuit Analysis,ARPUBLICATIONS,Available
31575,EEE,T.NAGESWARA RAO,Electric Circuit Analysis,ARPUBLICATIONS,Available
31576,EEE,T.NAGESWARA RAO,Electric Circuit Analysis,ARPUBLICATIONS,Available
31577,EEE,T.NAGESWARA RAO,Electric Circuit Analysis,ARPUBLICATIONS,Available
31578,EEE,T.NAGESWARA RAO,Electric Circuit Analysis,ARPUBLICATIONS,Available
31579,EEE,T.NAGESWARA RAO,Electric Circuit Analysis,ARPUBLICATIONS,Available
31580,EEE,T.NAGESWARA RAO,Electric Circuit Analysis,ARPUBLICATIONS,Available
31581,EEE,T.NAGESWARA RAO,Electric Circuit Analysis,ARPUBLICATIONS,Not for loan
31582,MECH,WILLIAM D CALLISTER,MATERIAL SCIENCE AND ENGINEERING,JOHNWILEY&SONS,Available
31583,MECH,WILLIAM D CALLISTER,MATERIAL SCIENCE AND ENGINEERING,JOHNWILEY&SONS,Available
31584,MECH,WILLIAM D CALLISTER,MATERIAL SCIENCE AND ENGINEERING,JOHNWILEY&SONS,Available
31585,MECH,WILLIAM D CALLISTER,MATERIALS SCIENCE AND ENGINEERING,JOHNWILEY&SONS,Not for loan
31586,MECH,WILLIAM D CALLISTER,MATERIAL SCIENCE AND ENGINEERING,JOHNWILEY&SONS,Not for loan
31587,EEE,BADRI RAM,POWER SYSTEM PRODUCTION AND SWITCHGEAR,TATAMCGRAW-HILL,Available
31588,EEE,BADRI RAM,POWER SYSTEM PRODUCTION AND SWITCHGEAR,TATAMCGRAW-HILL,Available
31589,EEE,BADRI RAM,POWER SYSTEM PRODUCTION AND SWITCHGEAR,TATAMCGRAW-HILL,Not for loan
31590,MECH,V K NARAYANAN,MANAGING TECHNOLIGY AND INNOVATION FOR COMPETITIVE ADVANTAGE,PEARSONEDUCATION,Not for loan
31591,MECH,V K NARAYANAN,MANAGING TECHNOLOGY AND INNOVATION FOR COMPETITIVE ADVANTAGE,PEARSIONEDUCATION,Available
31592,MECH,NARAYANAN V K,MANAGING TECHNOLOGY AND INNOVATION FOR COMPETITIVE ADVANTAGE,PEARSONEDUCATION,Not for loan
31593,ENG,NAVEEN,PHONETIC DICTIONARY,NAVEENGROUPOFPUBLICATIONS,Not for loan
31594,ENG,NAVEEN,PHONETIC DICTIONARY ENGLISH,LITERACYFORALLPROJECT,Available
31595,ENG,NAVEEN,PHONETIC DICTIONARY ENGLISH,LITERACYFORALLPROJECT,Available
31596,ENG,NAVEEN,PHONETIC DICTIONARY ENGLISH,LITERACYFORALLPROJECT,Available
31597,ENG,NAVEEN,PHONETIC DICTIONARY ENGLISH,LITERACYFORALLPROJECT,Not for loan
31603,MBA,DALE H BESTERFIELD,TOTAL QUALITY MANAGEMENT,PEARSONEDUCATION,Available
31604,MBA,DALE H BESTERFIELD,TOTAL QUALITY MANAGEMENT,PEARSONEDUCATION,Available
31605,MBA,DALE H BESTERFIELD,TOTAL QUALITY MANAGEMENT,PEARSONEDUCATION,Available
31606,MBA,DALE H BESTERFIELD,TOTAL QUALITY MANAGEMENT,PEARSONEDUCATION,Available
31607,MBA,DALE H BESTERFIELD,TOTAL QUALITY MANAGEMENT,PEARSONEDUCATION,Available
31608,MBA,DALE H BESTERFIELD,TOTAL QUALITY MANAGEMENT,PEARSONEDUCATION,Available
31609,MBA,DALE H BESTERFIELD,TOTAL QUALITY MANAGEMENT,PEARSONEDUCATION,Available
31610,MBA,DALE H BESTERFIELD,TOTAL QUALITY MANAGEMENT,PEARSONEDUCATION,Available
31611,MBA,DALE H BESTERFIELD,TOTAL QUALITY MANAGEMENT,PEARSONEDUCATION,Available
31612,MBA,DALE H BESTERFIELD,TOTAL QUALITY MANAGEMENT,PEARSONEDUCATION,Available
31613,MBA,DALE H BESTERFIELD,TOTAL QUALITY MANAGEMENT,PEARSONEDUCATION,Available
31614,MBA,DALE H BESTERFIELD,TOTAL QUALITY MANAGEMENT,PEARSONEDUCATION,Available
31615,MBA,DALE H BESTERFIELD,TOTAL QUALITY MANAGEMENT,PEARSONEDUCATION,Available
31616,MBA,DALE H BESTERFIELD,TOTAL QUALITY MANAGEMENT,PEARSONEDUCATION,Available
31617,MBA,DALE H BESTERFIELD,TOTAL QUALITY MANAGEMENT,PEARSONEDUCATION,Available
31618,MBA,DALE H BESTERFIELD,TOTAL QUALITY MANAGEMENT,PEARSONEDUCATION,Available
31619,MBA,DALE H BESTERFIELD,TOTAL QUALITY MANAGEMENT,PEARSONEDUCATION,Available
31620,MBA,DALE H BESTERFIELD,TOTAL QUALITY MANAGEMENT,PEARSONEDUCATION,Available
31621,MBA,DALE H BESTERFIELD,TOTAL QUALITY MANAGEMENT,PEARSONEDUCATION,Available
31622,MBA,DALE H BESTERFIELD,TOTAL QUALITY MANAGEMENT,PEARSONEDUCATION,Available
31623,MECH,P NAGESWARA RAO,CAD/CAM,TATAMCGRAW-HILL,Available
31624,MECH,P NAGESWARA RAO,CAD/CAM,TATAMCGRAW-HILL,Available
31625,MECH,P NAGESWARA RAO,CAD/CAM,TATAMCGRAW-HILL,Available
31626,MECH,P NAGESWARA RAO,CAD/CAM,TATAMCGRAW-HILL,Available
31627,MECH,P NAGESWARA RAO,CAD/CAM,TATAMCGRAW-HILL,Available
31628,MECH,MIKELL P GROOVER,CAD CAM,PRENTICEHALL,Not for loan
31629,MECH,MIKELL P GROOVER,CAD/CAM,PRENTCIE-HALLOFINDIA,Available
31630,MECH,MIKELL P GROOVER,CAD/CAM,PRENTCIE-HALLOFINDIA,Not for loan
31631,MECH,YORAM KOREN,COMPUTER CONTROL OF MANUFACTURRING SYSTEMS,TATAMCGRAW-HILL,Available
31632,MECH,YORAM KOREN,COMPUTER CONTROL OF MANUFACTURRING SYSTEMS,TATAMCGRAW-HILL,Not for loan
31633,MECH,ANDREW PARR,HYDRAULICS AND PNEUMATICS,JAICOPUBLISHING,Available
31634,MECH,ANDREW PARR,HYDRAULICS AND PNEUMATICS,JAICOPUBLISHING,Available
31635,MECH,ANDREW PARR,HYDRAULICS AND PNEUMATICS,JAICOPUBLISHING,Available
31636,MECH,ANDREW PARR,HYDRAULICS AND PNEUMATICS,JAICOPUBLISHING,Available
31637,MECH,ANDREW PARR,HYDRAULICS AND PNEUMATICS,JAICOPUBLISHING,Not for loan
31638,MBA,ROBERT H LOWSON,STRATEGIC OPERATIONS MANAGEMENTS,TAYLIR&FRANCIS,Available
31639,MBA,ROBERT H LOWSON,STRATEGIC OPERATIONS MANAGEMENTS,TAYLIR&FRANCIS,Available
31640,MBA,ROBERT H LOWSON,STRATEGIC OPERATIONS MANAGEMENTS,TAYLIR&FRANCIS,Not for loan
31645,MBA,MARTAND T TELSANG,PRODUCTI0N MANAGEMENT,SCHAND&CO,Available
31646,MBA,MARTAND T TELSANG,PRODUCTI0N MANAGEMENT,SCHAND&CO,Not for loan
31647,MBA,PRASANNA CHANDRA,FINANCE SENSE,TATAMCGRAW-HILL,Not for loan
31648,MBA,POORNIMA M CHARANTIMATH,TOTAL QUALITY MANAGEMENT,PEARSIONEDUCATION,Not for loan
31651,MBA,JAE K SHIM,SCHAUM`S OUTLINE OF THEORY AND PROBLEMS OF FINACIAL MANAGEMENT,TATAMCGRAW-HILL,Not for loan
31652,MBA,DONNA C S SUMMERS,QUALITY MANAGEMENT,PEARSONEDUCATION,Available
31653,MBA,DONNA C S SUMMERS,QUALITY MANAGEMENT,PEARSONEDUCATION,Not for loan
31654,MATHS,J MEDHI,STOCHASTIC PROCESSES,NEWAGEINTERNATIONAL,Available
31655,MATHS,J MEDHI,STOCHASTIC PROCESSES,NEWAGEINTERNATIONAL,Available
31656,MATHS,J MEDHI,STOCHASTIC PROCESSES,NEWAGEINTERNATIONAL,Available
31657,MATHS,J MEDHI,STOCHASTIC PROCESSES,NEWAGEINTERNATIONAL,Available
31658,MATHS,J MEDHI,STOCHASTIC PROCESSES,NEWAGEINTERNATIONAL,Available
31659,MATHS,J MEDHI,STOCHASTIC PROCESSES,NEWAGEINTERNATIONAL,Available
31660,MATHS,J MEDHI,STOCHASTIC PROCESSES,NEWAGEINTERNATIONAL,Available
31661,MATHS,J MEDHI,STOCHASTIC PROCESSES,NEWAGEINTERNATIONAL,Available
31662,MATHS,J MEDHI,STOCHASTIC PROCESSES,NEWAGEINTERNATIONAL,Available
31663,MATHS,J MEDHI,STOCHASTIC PROCESSES,NEWAGEINTERNATIONAL,Available
31664,MATHS,J MEDHI,STOCHASTIC PROCESSES,NEWAGEINTERNATIONAL,Available
31665,MATHS,J MEDHI,STOCHASTIC PROCESSES,NEWAGEINTERNATIONAL,Available
31666,MATHS,J MEDHI,STOCHASTIC PROCESSES,NEWAGEINTERNATIONAL,Available
31667,MATHS,J MEDHI,STOCHASTIC PROCESSES,NEWAGEINTERNATIONAL,Available
31668,MATHS,J MEDHI,STOCHASTIC PROCESSES,NEWAGEINTERNATIONAL,Available
31669,MATHS,J MEDHI,STOCHASTIC PROCESSES,NEWAGEINTERNATIONAL,Available
31670,MATHS,J MEDHI,STOCHASTIC PROCESSES,NEWAGEINTERNATIONAL,Available
31671,MATHS,J MEDHI,STOCHASTIC PROCESSES,NEWAGEINTERNATIONAL,Available
31672,MATHS,J MEDHI,STOCHASTIC PROCESSES,NEWAGEINTERNATIONAL,Available
31673,MATHS,J MEDHI,STOCHASTIC PROCESSES,NEWAGEINTERNATIONAL,Not for loan
31674,MATHS,ROBERT WREDE,SCHAUMS OUTLINE OF THEORY AND PROBLEMS OF ADVANCED CALCULUS,TATAMCGRAW-HILL,Available
31675,MATHS,ROBERT WREDE,SCHAUMS OUTLINE OF THEORY AND PROBLEMS OF ADVANCED CALCULUS,TATAMCGRAW-HILL,Available
31676,MATHS,ROBERT WREDE,SCHAUMS OUTLINE OF THEORY AND PROBLEMS OF ADVANCED CALCULUS,TATAMCGRAW-HILL,Not for loan
31677,MECH,FRANK P INCROPERA,FUNDAMENTALS OF HEAT AND MASS TRANSFER,WILEYSTUDENTEDITION,Available
31678,MECH,FRANK P INCROPERA,FUNDAMENTALS OF HEAT AND MASS TRANSFER,JOHNWILEY&SONS(ASIA)PTELTD,Not for loan
31679,MECH,JAMES SUCEC,HEAT TRANSFER,JAICOPLUBLISHINGHOUSE,Not for loan
31680,MECH,NICHOLAS P CHEREMISINOFF,HEAT TRANSFER HANDBOOK,JAICOBOOKS,Not for loan
31681,CSE,DALE ROGERSON,INSIDE COM,MICROSOFTPRESS,Available
31682,CSE,DALE ROGERSON,INSIDE COM,MICROSOFTPRESS,Available
31683,CSE,DALE ROGERSON,INSIDE COM,MICROSOFTPRESS,Available
31684,CSE,DALE ROGERSON,INSIDE COM,MICROSOFTPRESS,Available
31685,CSE,DALE ROGERSON,INSIDE COM,MICROSOFTPRESS,Not for loan
31686,CSE,JUDITH JEFFCOATE,MULTIMEDIA IN PRACTICE,"PRENTICE-HALLOFINDIA,NEWDELHI",Available
31687,CSE,JUDITH JEFFCOATE,MULTIMEDIA IN PRACTICE,"PRENTICE-HALLOFINDIA,NEWDELHI",Available
31688,CSE,JUDITH JEFFCOATE,MULTIMEDIA IN PRACTICE,"PRENTICE-HALLOFINDIA,NEWDELHI",Available
31689,CSE,JUDITH JEFFCOATE,MULTIMEDIA IN PRACTICE,"PRENTICE-HALLOFINDIA,NEWDELHI",Available
31690,CSE,JUDITH JEFFCOATE,MULTIMEDIA IN PRACTICE,"PRENTICE-HALLOFINDIA,NEWDELHI",Available
31691,CSE,JUDITH JEFFCOATE,MULTIMEDIA IN PRACTICE,"PRENTICE-HALLOFINDIA,NEWDELHI",Not for loan
31692,EEE,L P SING,ADVANCED POWER SYSTEM ANALYSIS AND DYNAMICS,NEWAGEINTERNATIONAL,Available
31693,EEE,L P SING,ADVANCED POWER SYSTEM ANALYSIS AND DYNAMICS,NEWAGEINTERNATIONAL,Available
31694,EEE,L P SING,ADVANCED POWER SYSTEM ANALYSIS AND DYNAMICS,NEWAGEINTERNATIONAL,Available
31695,EEE,L P SING,ADVANCED POWER SYSTEM ANALYSIS AND DYNAMICS,NEWAGEINTERNATIONAL,Available
31696,EEE,L P SING,ADVANCED POWER SYSTEM ANALYSIS AND DYNAMICS,NEWAGEINTERNATIONAL,Not for loan
31697,MECH,A AZAD,FUNDAMENTALS OF COMPUTER AIDED MANUFACTRING,JAICOPUBLISHINGHOUSE,Available
31698,MECH,A AZAD,FUNDAMENTALS OF COMPUTER AIDED MANUFACTRING,JAICOPUBLISHINGHOUSE,Available
31699,MECH,A AZAD,FUNDAMENTALS OF COMPUTER AIDED MANUFACTRING,JAICOPUBLISHINGHOUSE,Available
31700,MECH,A AZAD,FUNDAMENTALS OF COMPUTER AIDED MANUFACTRING,JAICOPUBLISHINGHOUSE,Available
31701,MECH,A AZAD,FUNDAMENTALS OF COMPUTER AIDED MANUFACTRING,JAICOPUBLISHINGHOUSE,Not for loan
31702,MBA,RAYMOND-ALAIN,DOING MANAGEMENT RESERCH,SAGEPUBLICATIONS,Not for loan
31703,MATHS,N GURUMANI,AN INTRODUCTION TO BIOSTATSTCS,MJPPUBLISHERS,Available
31704,MATHS,N GURUMANI,AN INTRODUCTION TO BIOSTATSTCS,MJPPUBLISHERS,Not for loan
31705,MATHS,MARY  L BOAS,MATHEMATICAL METHODS IN THE PHYSICAL SCIENCES,JOHNWILEY&SONS,Available
31706,MATHS,MARY  L BOAS,MATHEMATICAL METHODS IN THE PHYSICAL SCIENCES,JOHNWILEY&SONS,Available
31707,MATHS,MARY  L BOAS,MATHEMATICAL METHODS IN THE PHYSICAL SCIENCES,JOHNWILEY&SONS,Not for loan
31708,ECE,GULATY R R,Modern Television Practice,NEWAGEINTERNATIOALPUBLISHERS,Available
31709,ECE,GULATY R R,Modern Television Practice,NEWAGEINTERNATIOALPUBLISHERS,Available
31710,ECE,GULATY R R,Modern Television Practice,NEWAGEINTERNATIOALPUBLISHERS,Available
31711,ECE,GULATY R R,Modern Television Practice,NEWAGEINTERNATIOALPUBLISHERS,Available
31712,ECE,GULATY R R,Modern Television Practice,NEWAGEINTERNATIOALPUBLISHERS,Available
31713,ECE,GULATY R R,Modern Television Practice,NEWAGEINTERNATIOALPUBLISHERS,Not for loan
31714,EIE,A J BOUWENS,Digital Instrumentation,TATAMCGRAW-HILL,Available
31715,EIE,A J BOUWENS,Digital Instrumentation,TATAMCGRAW-HILL,Available
31716,EIE,A J BOUWENS,Digital Instrumentation,TATAMCGRAW-HILL,Not for loan
31717,CHE,ED BY T J MASON,SONOCHEMISTRY,ROYALSOCIETYOFCHEMISTRY,Not for loan
31718,GEN,GREER HOGAN,NUTSHELLS,LONDONSWEET&MAXWELL,Not for loan
31719,CSE,IAN PROBERT,INTERNET INCIDENT,KINGFISHER,Not for loan
31720,CSE,DAN GOOKIN,ALL ABOUT COMPUTERS FOR DUMMIES,IDGBOOKSINDIA,Not for loan
31721,CSE,WALLACE WANG,LEARNING COMPUTER PROGRAMMING FOR DUMMIES,IDGBOOKSINDIA,Not for loan
31722,CSE,CHRIS MAYNARD,INTERNET ACTION,BIGFISH,Not for loan
31723,CSE,JENNY PREECE,ONLINE COMMUNITIES,JOHNWILEY&SONS,Not for loan
31724,CSE,A A BECKER,ACCA,FOULKSLYNCH,Available
31725,CSE,DONALD I BARKER,WORLD WIDE WEB FEATURING,COURSETECHNOLOGY,Not for loan
31726,CSE,PETER NORTON,NETWORK SECURITY FUNDAMENTALS,TECHMEDIA,Not for loan
31727,CSE,BILL LAWRENCE,NETWARE 3.12 NETWORKS,NOVELLPRESS,Not for loan
31728,CSE,STEPHEN BAXTER,WEB 2028,MAGGIEFUREY,Not for loan
31729,CSE,N KANTARIS,WINDOWS 98 EXPLAINED,BERNARDBABANI,Not for loan
31730,ECE,ROBERT L BOYLESTAD,Electronic Devices And Circuit Theory,PEARSONEDUCATION,Not for loan
31731,ENG,ED BY SIDNEY GREENBAUM,ENGLISH LANGUAGE TODAY,PERGAMONINSTITUTEOFENGLISH,Not for loan
31732,ENG,CARL G LIUNGMAN,DICTIONARY OF SYMBOLS,WWNORTON&COMPANY,Not for loan
31733,GEN,IAN STEWART,GAME SET AND MATH,BASILBLACKWELL,Not for loan
31734,GEN,ANITA GANERI,FANTASTIC FACTS ABOUT,PARRGON,Not for loan
31735,GEN,CHRIS SMITH,CREATIVE BRITAIN,FABERANDFABER,Not for loan
31736,GEN,JANE AUSTEN,EMMA,MACMILLAN,Not for loan
31737,GEN,SANDRA SALMANS,DEPRESSION,THORSONS,Not for loan
31738,GEN,CLAUDIA RODEN,COFFEE,PAVILION,Not for loan
31739,GEN,FRAIDA DUBIN,COURSE DESIGN,CAMBRIDGEUNIVERSITYPRESS,Not for loan
31740,GEN,GARY KASPAROV,BATSFORD CHESS OPENINGS 2,INTERNATIONALGRANDMASTER,Not for loan
31741,GEN,A E SADLER,OYEZ LONGMAN INTELLIGENCE REPORTS,OYEZLONGMAN,Not for loan
31742,GEN,ED BY CLAIRE FOLKARD,GUINNESS WORLD RECORDS 2004,BRITISHCOMPUTERSOCIETY,Not for loan
31743,GEN,PAUL GASCOIGNE,GAZZA,HEADLINE,Not for loan
31744,GEN,JOHN BARKER,INTERACTIVE LEARNING REVOLUTION,KOGANPAGELONDON/NICHOLSPUBLISHING,Not for loan
31745,GEN,ANNE MACINTYRE,M.E,THORSONS,Not for loan
31746,GEN,D H GRIFFEL,APPLIED FUNCTIONAL ANALYSIS,JOHNWILEY&SONS,Not for loan
31747,GEN,GRANT EUSTACE,WRITING FOR CORPORATE VIDEO,FOCALPRESS,Not for loan
31748,GEN,J K ROWLING,HARRY POTTER AND THE PRISONER OF AZKABAN,BLOOMSBURY,Not for loan
31749,GEN,JONATHAN LEVITT,SECRETS OF SPECTACULAR CHESS,BTBATSFORDLTD,Not for loan
31750,GEN,ALEX DUNLOP,CORPORATE GOVERNANCE AND CONTROL,THECHARTEREDINSTITUTEOFMANAGEMENTACCOUNTANTS,Not for loan
31751,GEN,MITCHELL DEAN,GOVERNMENTALITY,SAGEPUBLICATIONS,Not for loan
31752,GEN,ED BY PAUL MT MCCABE,CONTEMPORARY ERGONOMICS 2002,TAYLOR&FRANCIS,Not for loan
31753,GEN,WIL TIRION,CAMBRIDGE STAR ATLAS,CAMBRIDGEUNIVERSITYPRESS,Not for loan
31754,MATHS,J E BOOTH,TEXTILE MATHEMATICS,TEXTILEINSTITUTEMANCHESTER,Available
31755,GEN,STEWART T COFFIN,PUZZLING WORLD OF POLYHEDRAL DISSECTIONS,OXFORDUNIVERSITYPRESS,Not for loan
31756,MATHS,J E BOOTH,TEXTILE MATHEMATICS,TEXTILEINSTITUTEMANCHESTER,Not for loan
31757,MBA,STEVEN BELL,FOREIGN EXCHANGE HANDBOOK,GRAHAM&TROMAN,Not for loan
31758,MBA,JAGDEEP S BHANDARI,CORPORATE BANKRUPTCY,CAMBRIDGEUNIVERSITYPRESS,Not for loan
31759,MBA,ROS JAY,ULTIMATE BUSINESS CREATIVITY,CAPSTONE,Not for loan
31760,MBA,COOPERS,TOLLEYS TAXATION OF FOREIGN EXCHANGE GAINS AND LOSSES,TOLLEYPUBLISHINGCOMPANYLIMITED,Not for loan
31761,MBA,MICHAEL J FOX,QUALITY ASSURANCE MANAGEMENT,CHAPMAN&HALL,Not for loan
31762,MBA,ALAN MELVILLE,ADVANCED TAXTATION FINANCE ACT 2001,FOULKSLYNCH,Not for loan
31763,MBA,THOMAS R ITTELSON,PREPARING FINANCIAL STATEMENTS,FOULKSLYNCH,Not for loan
31764,MBA,A A BECKER,ACCA,FOULKSLYNCH,Available
31765,MBA,REVSINE,FINANCIAL REPORTING,FOULKSLYNCH,Not for loan
31766,MBA,A A BECKER,ACCA,FOULKSLYNCH,Available
31768,MBA,A A BECKER,ACCA,`VIKASPUBLISHINGHOUSPVTLTD,Available
31769,MBA,A A BECKER,ACCA,`VIKASPUBLISHINGHOUSPVTLTD,Available
31770,MBA,KAMAL GARG,AUDIT AND INTERNAL REVIEW,FOULKSLYNCH,Not for loan
31771,MBA,CAROL RITBERGER,MANAGING PEOPLE,ACCAOFFICIALPUBLISHER,Not for loan
31772,MBA,AVINASH DIXIT,STRATEGIC BUSINESS PLANNING AND DEVELOPMENT,FOULKSLYNCH,Not for loan
31773,MBA,THE CIM,CIM PRACTICE AND REVISION KIT,BPPPUBLISHING,Not for loan
31774,MBA,THE CIM,CIMA PRACTICE AND REVISION KIT,BPPPUBLISHING,Not for loan
31775,MBA,KEN WILD,REPORTING ACCOUNTING MANUAL,BUTTERWORTH,Not for loan
31776,MBA,DUNCAN HUGHES,ASSET MANAGEMENT,FINANCIALWORLDPUBLISHING,Not for loan
31777,MBA,J WALKER,MANAGEMENT ACCOUNTING FUNDAMENTALS,VIVABOOKSPRIVATELIMITED,Not for loan
31778,MBA,IAN COOKE,INTRODUCTION TO INNOVATION AND TECHNOLOGY TRANSFER,ARTECHHOUSE,Not for loan
31779,MBA,MICHAEL MORROW,ACTIVITY BASED MANAGEMENT,WOODHEADFAULKNER,Not for loan
31780,MBA,A A BECKER,ACCA,`VIKASPUBLISHINGHOUSPVTLTD,Not for loan
31782,MECH,DAVID BANN,PRINT PRODUCTION HANDBOOK,MACDONALD,Not for loan
31783,PHY,PATRICK MOORE,GUINNESS BOOK OF ASTRONOMY,GUINNESSPUBLISHING,Not for loan
31784,CSE,C M KRISHNA,REAL-TIME SYSTEMS,MCGRAW-HILL,Available
31785,CSE,C M KRISHNA,REAL-TIME SYSTEMS,MCGRAW-HILL,Available
31786,CSE,C M KRISHNA,REAL-TIME SYSTEMS,MCGRAW-HILL,Available
31787,CSE,C M KRISHNA,REAL-TIME SYSTEMS,MCGRAW-HILL,Available
31788,CSE,C M KRISHNA,REAL-TIME SYSTEMS,MCGRAW-HILL,Not for loan
31790,ECE,DOUGLAS A PUCKNELL,Basic VLSI Design,PRENTICEHALL,Available
31791,ECE,DOUGLAS A PUCKNELL,Basic VLSI Design,PRENTICEHALL,Not for loan
31793,CSE,JOHN R BOATRIGHT,ETHICS AND THE CONDUCT OF BUSINESS,LOYOLAUNIVERSITYCHICAGO,Available
31794,CSE,JOHN R BOATRIGHT,ETHICS AND THE CONDUCT OF BUSINESS,LOYOLAUNIVERSITYCHICAGO,Available
31795,CSE,JOHN R BOATRIGHT,ETHICS AND THE CONDUCT OF BUSINESS,LOYOLAUNIVERSITYCHICAGO,Available
31796,CSE,JOHN R BOATRIGHT,ETHICS AND THE CONDUCT OF BUSINESS,LOYOLAUNIVERSITYCHICAGO,Available
31797,CSE,JOHN R BOATRIGHT,ETHICS AND THE CONDUCT OF BUSINESS,LOYOLAUNIVERSITYCHICAGO,Available
31798,CSE,JOHN R BOATRIGHT,ETHICS AND THE CONDUCT OF BUSINESS,LOYOLAUNIVERSITYCHICAGO,Available
31799,CSE,JOHN R BOATRIGHT,ETHICS AND THE CONDUCT OF BUSINESS,LOYOLAUNIVERSITYCHICAGO,Available
31800,CSE,JOHN R BOATRIGHT,ETHICS AND THE CONDUCT OF BUSINESS,LOYOLAUNIVERSITYCHICAGO,Available
31802,CSE,JOHN R BOATRIGHT,ETHICS AND THE CONDUCT OF BUSINESS,LOYOLAUNIVERSITYCHICAGO,Available
31803,CSE,JOHN R BOATRIGHT,ETHICS AND THE CONDUCT OF BUSINESS,LOYOLAUNIVERSITYCHICAGO,Available
31804,CSE,JOHN R BOATRIGHT,ETHICS AND THE CONDUCT OF BUSINESS,LOYOLAUNIVERSITYCHICAGO,Available
31805,CSE,JOHN R BOATRIGHT,ETHICS AND THE CONDUCT OF BUSINESS,LOYOLAUNIVERSITYCHICAGO,Available
31806,CSE,JOHN R BOATRIGHT,ETHICS AND THE CONDUCT OF BUSINESS,LOYOLAUNIVERSITYCHICAGO,Available
31807,CSE,JOHN R BOATRIGHT,ETHICS AND THE CONDUCT OF BUSINESS,LOYOLAUNIVERSITYCHICAGO,Available
31808,CSE,JOHN R BOATRIGHT,ETHICS AND THE CONDUCT OF BUSINESS,LOYOLAUNIVERSITYCHICAGO,Available
31809,CSE,JOHN R BOATRIGHT,ETHICS AND THE CONDUCT OF BUSINESS,LOYOLAUNIVERSITYCHICAGO,Available
31810,CSE,JOHN R BOATRIGHT,ETHICS AND THE CONDUCT OF BUSINESS,LOYOLAUNIVERSITYCHICAGO,Available
31811,CSE,JOHN R BOATRIGHT,ETHICS AND THE CONDUCT OF BUSINESS,LOYOLAUNIVERSITYCHICAGO,Available
31812,CSE,JOHN R BOATRIGHT,ETHICS AND THE CONDUCT OF BUSINESS,LOYOLAUNIVERSITYCHICAGO,Not for loan
31813,MECH,RICHARD R KIBBE,MACHINE TOOL PRACTICES,PRENTICEHALLOFINDIA,Available
31814,CSE,RICHARD R KIBBE,MACHINE TOOL PRACTICES,PRENTICEHALLOFINDIA,Not for loan
31815,MECH,R C SRIVASTAVA,THERMODYNAMICS,PRENTICEHALL,Available
31816,MECH,R C SRIVASTAVA,THERMODYNAMICS,PRENTICEHALL,Available
31817,MECH,R C SRIVASTAVA,THERMODYNAMICS,PRENTICEHALL,Not for loan
31818,CSE,ANDREW S  TANENBAUM,DISTRIBUTED OPERATING SYSTEMS,PEARSONEDUCATION,Available
31819,CSE,ANDREW S TANENBAUM,DISTRIBUTED OPERATING SYSTEMS,PEARSIONEDUCATION,Available
31820,CSE,ANDREW S TANENBAUM,DISTRIBUTED OPERATING SYSTEMS,PEARSIONEDUCATION,Available
31821,CSE,ANDREW S TANENBAUM,DISTRIBUTED OPERATING SYSTEMS,PEARSIONEDUCATION,Available
31822,CSE,ANDREW S TANENBAUM,DISTRIBUTED OPERATING SYSTEMS,PEARSIONEDUCATION,Available
31823,CSE,ANDREW S TANENBAUM,DISTRIBUTED OPERATING SYSTEMS,PEARSIONEDUCATION,Available
31824,CSE,ANDREW S TANENBAUM,DISTRIBUTED OPERATING SYSTEMS,PEARSIONEDUCATION,Available
31825,CSE,ANDREW S TANENBAUM,DISTRIBUTED OPERATING SYSTEMS,PEARSIONEDUCATION,Not for loan
31827,IT,MANI SUBRAMANIAN,NETWORK MANAGEMENT,PEARSIONEDUCATION,Available
31828,IT,MANI SUBRAMANIAN,NETWORK MANAGEMENT,PEARSIONEDUCATION,Not for loan
31829,MCA,CAY S HORSTMANN,CORE JAVE 2,PEARSIONEDUCATION,Not for loan
31832,CSE,SAM ANAHORY,DATA WAERHOUSING IN THE WORLD,PEARSONEDUCATION,Not for loan
31833,GEN,KENNETH G BUDINSKI,ENGINEERING MATERIALS,PRENTICEHALL,Available
31834,MECH,KENNETH G BUDINSKI,ENGINEERING MATERIALS,PRENTCIE-HALLOFINDIA,Available
31835,MECH,KENNETH G BUDINSKI,ENGINEERING MATERIALS,PRENTCIE-HALLOFINDIA,Available
31836,MECH,KENNETH G BUDINSKI,ENGINEERING MATERIALS,PRENTCIE-HALLOFINDIA,Available
31837,MECH,KENNETH G BUDINSKI,ENGINEERING MATERIALS,PRENTCIE-HALLOFINDIA,Not for loan
31838,MATHS,T VEERARAJAN,ENGINEERING MATHEMATICS,TATAMCGRAW-HILL,Not for loan
31839,MATHS,T VEERARAJAN,ENGINEERING MATHM,TATAMCGRAW-HILL,Not for loan
31840,CSE,DAVID WHITELEY,E-Commerce,TATAMCGRAWHILL,Not for loan
31841,CSE,DAVID WHITELEY,E COMEMRCE,TATAMCGRAW-HILL,Not for loan
31842,MBA,WATTS S HUMPHREY,MANAGING THE SOFTWARE PROCESS,PEARSONEDUCATION,Available
31843,MBA,WATTS S HUMPHREY,MANAGING THE SOFTWARE PROCESS,PEARSONEDUCATION,Available
31844,MBA,WATTS S HUMPHREY,MANAGING THE SOFTWARE PROCESS,PEARSONEDUCATION,Not for loan
31845,MBA,JOHN T MENTZER,FUNDAMENTALS OF SUPPLY CHAIN MANAGEMENT,RESPONSEBOOKS,Not for loan
31846,CSE,SEAN KELLY,DATA WAREHOUSING IN ACTION,JOHNWIILEY&SONS,Not for loan
31847,CSE,ELLIS HOROWITZ,FUNDAMENTALS OF COMPUTER ALGORITHMS,GALGOTIAPUBLICATIONPVT.LTD,Not for loan
31848,CSE,ELLIS HOROWITZ,Computer Algorithms,GALGOTIAPUBLICATIONPVT.LTD,Not for loan
31849,MCA,FRANCESCO BALENA,VISUAL BASIC 6.0,VBPUBLISHERS,Available
31850,MCA,FRANCESCO BALENA,VISUAL BASIC 6.0,VBPUBLISHERS,Available
31851,MCA,FRANCESCO BALENA,VISUAL BASIC 6.0,VBPUBLISHERS,Available
31852,MCA,FRANCESCO BALENA,VISUAL BASIC 6.0,VBPUBLISHERS,Available
31853,MCA,FRANCESCO BALENA,VISUAL BASIC 6.0,VBPUBLISHERS,Available
31854,MCA,FRANCESCO BALENA,VISUAL BASIC 6.0,VBPUBLISHERS,Available
31855,MCA,FRANCESCO BALENA,VISUAL BASIC 6.0,VBPUBLISHERS,Available
31856,MCA,FRANCESCO BALENA,VISUAL BASIC 6.0,VBPUBLISHERS,Not for loan
31857,EEE,GEORGE L KUSIC,COMPUTER AIDED POWER SYSTEMS ANALYSIS,PRENTICEHALLOFINDIA,Available
31858,EEE,GEORGE L KUSIC,COMPUTER AIDED POWER SYSTEMS ANALYSIS,PRENTICEHALLOFINDIA,Available
31859,EEE,GEORGE L KUSIC,COMPUTER AIDED POWER SYSTEMS ANALYSIS,PRENTICEHALLOFINDIA,Available
31860,EEE,GEORGE L KUSIC,COMPUTER AIDED POWER SYSTEMS ANALYSIS,PRENTICEHALLOFINDIA,Available
31861,EEE,GEORGE L KUSIC,COMPUTER AIDED POWER SYSTEMS ANALYSIS,PRENTICEHALLOFINDIA,Not for loan
31867,CSE,ABRAHAM SILBERCHATZ,Database System Concepts,MCGRAW-HILL,Available
31868,CSE,ABRAHAM SILBERSCHATZ,DATABASE SYSTEM CONCEPT,MCGRAW-HILL,Not for loan
31869,CSE,ABRAHAM SILBERSCHATZ,Database System Concepts,MCGRAW-HILL,Not for loan
31870,CSE,STEVE HOLZNER,PROFESSIONAL VISUAL C+6 PROGRAMMING,"WILEY-DARMTECH,INDIA",Available
31871,CSE,STEVE HOLZNER,PROFESSIONAL VISUAL C+6 PROGRAMMING,"WILEY-DARMTECH,INDIA",Available
31873,CSE,STEVE HOLZNER,PROFESSIONAL VISUAL C+6 PROGRAMMING,"WILEY-DARMTECH,INDIA",Available
31875,CSE,STEVE HOLZNER,PROFESSIONAL VISUAL C+6 PROGRAMMING,"WILEY-DARMTECH,INDIA",Available
31876,CSE,STEVE HOLZNER,PROFESSIONAL VISUAL C+6 PROGRAMMING,"WILEY-DARMTECH,INDIA",Available
31877,CSE,STEVE HOLZNER,PROFESSIONAL VISUAL C+6 PROGRAMMING,"WILEY-DARMTECH,INDIA",Available
31878,CSE,STEVE HOLZNER,PROFESSIONAL VISUAL C+6 PROGRAMMING,"WILEY-DARMTECH,INDIA",Available
31879,CSE,STEVE HOLZNER,PROFESSIONAL VISUAL C+6 PROGRAMMING,"WILEY-DARMTECH,INDIA",Available
31880,CSE,STEVE HOLZNER,PROFESSIONAL VISUAL C+6 PROGRAMMING,"WILEY-DARMTECH,INDIA",Available
31882,CSE,STEVE HOLZNER,PROFESSIONAL VISUAL C+6 PROGRAMMING,"WILEY-DARMTECH,INDIA",Available
31883,CSE,STEVE HOLZNER,PROFESSIONAL VISUAL C+6 PROGRAMMING,"WILEY-DARMTECH,INDIA",Available
31884,CSE,STEVE HOLZNER,PROFESSIONAL VISUAL C+6 PROGRAMMING,"WILEY-DARMTECH,INDIA",Not for loan
31885,MATHS,P KANADASAMY,PROBABILITY STATISTICS AND QUEUEING THEORY,SCHAND,Available
31886,MATHS,P KANADASAMY,PROBABILITY STATISTICS AND QUEUEING THEORY,SCHAND,Available
31887,MATHS,P KANADASAMY,PROBABILITY STATISTICS AND QUEUEING THEORY,SCHAND,Available
31888,MATHS,P KANADASAMY,PROBABILITY STATISTICS AND QUEUEING THEORY,SCHAND,Available
31889,MATHS,P KANADASAMY,PROBABILITY STATISTICS AND QUEUEING THEORY,SCHAND,Available
31890,MATHS,P KANADASAMY,PROBABILITY STATISTICS AND QUEUEING THEORY,SCHAND,Available
31891,MATHS,P KANADASAMY,PROBABILITY STATISTICS AND QUEUEING THEORY,SCHAND,Available
31892,MATHS,P KANADASAMY,PROBABILITY STATISTICS AND QUEUEING THEORY,SCHAND,Available
31893,MATHS,P KANADASAMY,PROBABILITY STATISTICS AND QUEUEING THEORY,SCHAND,Available
31894,MATHS,P KANADASAMY,PROBABILITY STATISTICS AND QUEUEING THEORY,SCHAND,Available
31895,MATHS,P KANADASAMY,PROBABILITY STATISTICS AND QUEUEING THEORY,SCHAND,Available
31896,MATHS,P KANADASAMY,PROBABILITY STATISTICS AND QUEUEING THEORY,SCHAND,Available
31897,MATHS,P KANADASAMY,PROBABILITY STATISTICS AND QUEUEING THEORY,SCHAND,Available
31898,MATHS,P KANADASAMY,PROBABILITY STATISTICS AND QUEUEING THEORY,SCHAND,Available
31899,MATHS,P KANADASAMY,PROBABILITY STATISTICS AND QUEUEING THEORY,SCHAND,Not for loan
31900,EEE,V K MHTA,PRINCIPLES OF ELECTRICAL ENGINEERING,SCHAND,Available
31901,EEE,V K MHTA,PRINCIPLES OF ELECTRICAL ENGINEERING,SCHAND,Available
31902,EEE,V K MHTA,PRINCIPLES OF ELECTRICAL ENGINEERING,SCHAND,Not for loan
31903,EIE,PETER HARCIOTT,Process Control,TATAMCGRAW-HILL,Available
31904,EIE,PETER HARCIOTT,Process Control,TATAMCGRAW-HILL,Available
31905,EIE,PETER HARCIOTT,Process Control,TATAMCGRAW-HILL,Available
31906,EIE,PETER HARRIOT,Process Control,TATAMCGRAW-HILL,Available
31907,EIE,PETER HARCIOTT,Process Control,TATAMCGRAW-HILL,Available
31908,EIE,PETER HARCIOTT,Process Control,TATAMCGRAW-HILL,Available
31909,EIE,PETER HARCIOTT,Process Control,TATAMCGRAW-HILL,Available
31910,EIE,PETER HARCIOTT,Process Control,TATAMCGRAW-HILL,Available
31911,EIE,PETER HARRIOTT,Process Control,TATAMCGRAWHILL,Available
31912,EIE,PETER HARRIOTT,Process Control,TATAMCGRAWHILL,Available
31913,EIE,PETER HARRIOTT,Process Control,TATAMCGRAWHILL,Available
31914,EIE,PETER HARRIOTT,Process Control,TATAMCGRAWHILL,Available
31915,EIE,PETER HARRIOTT,Process Control,TATAMCGRAWHILL,Available
31916,EIE,PETER HARRIOTT,Process Control,TATAMCGRAWHILL,Available
31917,EIE,PETER HARRIOTT,Process Control,TATAMCGRAWHILL,Available
31918,EIE,PETER HARRIOTT,Process Control,TATAMCGRAWHILL,Available
31919,EIE,PETER HARRIOTT,Process Control,TATAMCGRAWHILL,Not for loan
31920,CSE,WILLIAM STALLINGS,CRYTOGRAPHY AND NETWORK SECURITY.,PEARSIONEDUCATION,Not for loan
31921,CSE,WILLIAM STALLINGS,Cryptography And Network Security,PEARSIONEDUCATION,Available
31922,CSE,WILLIAM STALLINGS,Cryptography And Network Security,PEARSIONEDUCATION,Available
31923,CSE,WILLIAM STALLINGS,Cryptography And Network Security,PEARSIONEDUCATION,Available
31924,CSE,WILLIAM STALLINGS,Cryptography And Network Security,PEARSIONEDUCATION,Not for loan
31925,CSE,BERND BRUEGGE,Object Oriented Software Engineering,PEARSIONEDUCATION,Available
31926,CSE,BERND BRUEGGE,Object Oriented Software Engineering,PEARSIONEDUCATION,Available
31927,CSE,BERND BRUEGGE,Object Oriented Software Engineering,PEARSIONEDUCATION,Available
31928,CSE,BERND BRUEGGE,Object Oriented Software Engineering,PEARSIONEDUCATION,Available
31929,CSE,BERND BRUEGGE,Object Oriented Software Engineering,PEARSIONEDUCATION,Not for loan
31930,CSE,H M DEITEL,INTERNET & WORLD WIDE WEP,PRENTICEHALL,Available
31931,CSE,H M DEITEL,INTERNET & WORLD WIDE WEP,PRENTICEHALL,Not for loan
31932,ME:CSE,ERIC LADD,USING HTML 4 XML AND JAVA 1.2,PRENTICEHALLOFINDIA,Available
31933,ME:CSE,ERIC LADD,USING HTML 4 XML AND JAVA 1.2,PRENTICEHALLOFINDIA,Available
31934,ME:CSE,ERIC LADD,USING HTML 4 XML AND JAVA 1.2,PRENTICEHALLOFINDIA,Available
31936,ME:CSE,ERIC LADD,USING HTML 4 XML AND JAVA 1.2,PRENTICEHALLOFINDIA,Not for loan
31937,MECH,R C HIBBELER,ENGINEERING MECHANICS,PEARSONEDUCATION,Available
31938,MECH,R C HIBBELER,ENGINEERING MECHANICS,PEARSONEDUCATION,Available
31939,MECH,R C HIBBELER,ENGINEERING MECHANICS,PEARSONEDUCATION,Not for loan
31940,EEE,MATHEW N O SADIKU,ELEMENTS OF ELECTROMAGNETICS,OXFORD,Available
31941,EEE,MATHEW N O SADIKU,ELEMENTS OF ELECTROMAGNETICS,OXFORD,Available
31942,EEE,MATHEW N O SADIKU,ELEMENTS OF ELECTROMAGNETICS,OXFORD,Available
31943,EEE,MATHEW N O SADIKU,ELEMENTS OF ELECTROMAGNETICS,OXFORD,Available
31944,EEE,MATHEW N O SADIKU,ELEMENTS OF ELECTROMAGNETICS,OXFORD,Not for loan
31945,ECE,ADEL S SEDRA,MICROELECTRONIC CIRCUIT,OXFORD,Available
31946,ECE,ADEL S SEDRA,MICROELECTRONIC CIRCUIT,OXFORD,Available
31947,ECE,ADEL S SEDRA,MICROELECTRONIC CIRCUIT,OXFORD,Available
31949,ECE,ADEL S SEDRA,MICROELECTRONIC CIRCUIT,OXFORD,Not for loan
31950,ECE,DAVID TSE,FUNDAMENTALS OF WIRELESS COMMUNICATION,CAMBRIDGEUNIVERSITYPRESS,Not for loan
31951,GEN,RAJA GOPALAN,CAREER COMPASS DIRECTORY OF USA RECRUITERS & JOB SEARCH ENGINES - 1,CAREERCOMPASSPUBLISHERS(INDIA)PVTLTD,Not for loan
31952,GEN,RAJA GOPALAN,CAREER COMPASS DIRECTORY OF USA RECRUITERS & JOB SEARCH ENGINES II,CAREERCOMPASSPUBLISHERS(INDIA)PVTLTD,Not for loan
31953,GEN,RAJA GOPALAN,UK RECRUITERS & JOB SEARCH ENGINES,CAREERCOMPASSPUBLISHERS(INDIA)PVTLTD,Not for loan
31954,GEN,RAJA GOPALAN,AUSTRALIA RECRUITERS & JOB SEARCH ENGINES,CAREERCOMPASSPUBLISHERS(INDIA)PVTLTD,Not for loan
31955,GEN,RAJA GOPALAN,CANADA RECRUITERS & JOB SEARCH ENGINES,CAREERCOMPASSPUBLISHERS(INDIA)PVTLTD,Not for loan
31956,GEN,RAJA GOPALAN,NEW ZEALAND RECRUITERS & JOB SEARCH ENGINES,CAREERCOMPASSPUBLISHERS(INDIA)PVTLTD,Not for loan
31957,MECH,K.SHANMUGA SUNDARAM,HYDRAULIC AND PNEUMATIC CONTROLS,SCHAND,Available
31958,MECH,K.SHANMUGA SUNDARAM,HYDRAULIC AND PNEUMATIC CONTROLS,SCHAND,Available
31959,MECH,K.SHANMUGA SUNDARAM,HYDRAULIC AND PNEUMATIC CONTROLS,SCHAND,Available
31960,MECH,K.SHANMUGA SUNDARAM,HYDRAULIC AND PNEUMATIC CONTROLS,SCHAND,Available
31961,MECH,K.SHANMUGA SUNDARAM,HYDRAULIC AND PNEUMATIC CONTROLS,SCHAND,Available
31962,PHY,V RAJENDRAN,PHYSICS 1,TATAMCGRAW-HILLPUBLISHINGCOMPANYLTD,Available
31963,PHY,V RAJENDRAN,PHYSICS 1,TATAMCGRAW-HILLPUBLISHINGCOMPANYLTD,Available
31964,PHY,V RAJENDRAN,PHYSICS 1,TATAMCGRAW-HILLPUBLISHINGCOMPANYLTD,Available
31965,PHY,V RAJENDRAN,PHYSICS 1,TATAMCGRAW-HILLPUBLISHINGCOMPANYLTD,Available
31966,PHY,V RAJENDRAN,PHYSICS 1,TATAMCGRAW-HILLPUBLISHINGCOMPANYLTD,Not for loan
31967,MECH,Mathew N O Saduku,HYDRAULIC AND PNEUMATIC CONTROLS,VIJAYNICOLE,Available
31968,MECH,Mathew N O Saduku,HYDRAULIC AND PNEUMATIC CONTROLS,VIJAYNICOLE,Available
31969,MECH,Mathew N O Saduku,HYDRAULIC AND PNEUMATIC CONTROLS,VIJAYNICOLE,Available
31971,MECH,Mathew N O Saduku,HYDRAULIC AND PNEUMATIC CONTROLS,VIJAYNICOLE,Available
31972,MECH,Mathew N O Saduku,HYDRAULIC AND PNEUMATIC CONTROLS,VIJAYNICOLE,Available
31973,MECH,Mathew N O Saduku,HYDRAULIC AND PNEUMATIC CONTROLS,VIJAYNICOLE,Not for loan
31974,MECH,R K RAJPUT,THERMAL ENGINEERING,LAXMIPUBLICATIONS(P)LTD,Available
31975,MECH,R K RAJPUT,THERMAL ENGINEERING,LAXMIPUBLICATIONS(P)LTD,Available
31976,MECH,R K RAJPUT,THERMAL ENGINEERING,LAXMIPUBLICATIONS(P)LTD,Available
31977,MECH,R K RAJPUT,THERMAL ENGINEERING,LAXMIPUBLICATIONS(P)LTD,Available
31978,MECH,RAJPUT R K,THERMAL ENGINEERING,LAXMI,Not for loan
31979,MECH,ANTHONY ESPOSITO,FLUID POWER WITH APPLICATIONS,PERARSONEDUCATION,Available
31980,MECH,ANTHONY ESPOSITO,FLUID POWER WITH APPLICATIONS,PERARSONEDUCATION,Available
31981,MECH,ANTHONY ESPOSITO,FLUID POWER WITH APPLICATIONS,PERARSONEDUCATION,Not for loan
31983,EIE,DR.M ARUMUGAM,BIOMEDICAL INSTRUMENTATION,ANURADHAAENCIES,Available
31984,EIE,DR.M ARUMUGAM,BIOMEDICAL INSTRUMENTATION,ANURADHAAENCIES,Available
31985,EIE,DR.M ARUMUGAM,BIOMEDICAL INSTRUMENTATION,ANURADHAAENCIES,Available
31986,EIE,DR.M ARUMUGAM,BIOMEDICAL INSTRUMENTATION,ANURADHAAENCIES,Available
31987,EIE,DR.M ARUMUGAM,BIOMEDICAL INSTRUMENTATION,ANURADHAAENCIES,Available
31988,EIE,DR.M ARUMUGAM,BIOMEDICAL INSTRUMENTATION,ANURADHAAENCIES,Available
31989,EIE,DR.M ARUMUGAM,BIOMEDICAL INSTRUMENTATION,ANURADHAAENCIES,Available
31990,EIE,DR.M ARUMUGAM,BIOMEDICAL INSTRUMENTATION,ANURADHAAENCIES,Available
31991,EIE,DR.M ARUMUGAM,BIOMEDICAL INSTRUMENTATION,ANURADHAAENCIES,Available
31992,EIE,DR.M ARUMUGAM,BIOMEDICAL INSTRUMENTATION,ANURADHAAENCIES,Not for loan
31993,EIE,R S KHANDPUR,Handbook Of BioMedical Instrumentation,TATAMCGRAW-HILL,Available
31994,EIE,R S KHANDPUR,Handbook Of BioMedical Instrumentation,TATAMCGRAW-HILL,Available
31995,EIE,R S KHANDPUR,Handbook Of BioMedical Instrumentation,TATAMCGRAW-HILL,Available
31996,EIE,R S KHANDPUR,Handbook Of BioMedical Instrumentation,TATAMCGRAW-HILL,Available
31997,EIE,R S KHANDPUR,Handbook Of BioMedical Instrumentation,TATAMCGRAW-HILL,Available
31998,EIE,R S KHANDPUR,Handbook Of BioMedical Instrumentation,TATAMCGRAW-HILL,Available
31999,EIE,R S KHANDPUR,Handbook Of BioMedical Instrumentation,TATAMCGRAW-HILL,Available
32000,EIE,R S KHANDPUR,Handbook Of BioMedical Instrumentation,TATAMCGRAW-HILL,Available
32001,EIE,R S KHANDPUR,Handbook Of BioMedical Instrumentation,TATAMCGRAW-HILL,Available
32002,EIE,R S KHANDPUR,Handbook Of BioMedical Instrumentation,TATAMCGRAW-HILL,Not for loan
32003,MBA,ROBERT F BRUNER,CASE STUDY IN FINANCE,MCGRAW-HILL,Available
32004,MBA,ROBERT F BRUNER,CASE STUDY IN FINANCE,MCGRAW-HILL,Not for loan
32005,IT,STEPHANE MALLAT,A WAVELET TOUR OF SIGNAL PROCESSING,ELSEVIER,Not for loan
32006,IT,S N SIVANANDAM,INTRODUCTION TO NEURAL NETWORKS USING METLAB 6.0,TATAMCGRAW-HILL,Not for loan
32007,IT,EDWARD R DOUGHERTY,RANDOM PROCESSES FOR IMAGE AND SIGNAL PROCESSING,PRENTCIE-HALLOFINDIA,Not for loan
32008,ME:EST,DAVID W LEWIS,MATRIX THEORY,ALLIEDPUBLISHERLTD,Not for loan
32009,ME:EST,S J SALON,FINITE ELEMENT ANALYSIS OF ELECTRICAL MACHINES,KLUWERACADEMIC,Not for loan
32010,ME:EST,TAKASHI KENJO,STEPPING MOTORS AND THEIR MICROPROCESSOR CONTROLS,CLARENDONPRESSOXFORD,Not for loan
32011,ME:ED,ERONINI UMEZ ERONINI,SYSTEM DYNAMICS AND CONTROL,THOMSONBROOKSCOLE,Not for loan
32012,ME:EST,P C SEN,Principles Of Electric Machines And Power Electronics,WILEY,Available
32013,ME:EST,PEYTON Z PEEBLES Jr,"PROBABILITY, RANDOM VARIABLES AND RANDOM SIGNAL PRINCIPLES",TATAMCGRAW-HILL,Not for loan
32014,ME:EST,M D SINGH,POWER ELECTRONICS,TATAMCGRAW-HILL,Available
32015,ME:EST,VEDAM SUBRAHMANIYAN,Electric Drives,TATAMCGRAW-HILL,Available
32016,ME:EST,ANDREW S TANENBAUM,COMPUTER NETWORKS,PEARSIONEDUCATION,Available
32017,ME:EST,ACHYUT S GODBOLE,COMPUTER COMMUNICATION NETWORKS,TATAMCGRAW-HILL,Not for loan
32018,ME:EST,RICHARD E FAIRLEY,SOFTWARE ENGINEERING CONCEPTS,TATAMCGRAW-HILL,Available
32019,ME:EST,KATSUHIKO OGATA,Modern Control Engineering,PRENTICEHALLOFINDIA,Available
32020,ME:EST,SALIVAHANAN S,DIGITAL SIGNAL PROCESSING,TATAMCGRAW-HILL,Available
32021,ME:EST,ALAN V OPPENHEIM,DISCRETE TIME SIGNAL PROCESSING,PEARSONEDUCATION,Not for loan
32022,ME:EST,PHILIP T KREIN,ELEMENTS OF POWER ELECTRONICS,OXFORDUNIVERCITYPRESS,Available
32023,ME:EST,MUHAMMAD H RASHID,POWER ELECTRONICS HANDBOOK,ACADEMICPRESS,Not for loan
32024,ME:EST,ROBERT W ERICKSON,FUNDAMENTALS OF POWER ELECTRONICS,SPRINGER,Available
32025,ME:EST,V R MOORTHI,POWER ELECTRONICS,OXFORDUNIVERCITYPRESS,Available
32026,ME:EST,KATSUHIKO OGATA,Modern Control Engineering,PEARSONEDUCATION,Available
32027,ME:EST,WILLIAM STALLINGS,Data And Computer Communications,PRENTICEHALLOFINDIA,Not for loan
32028,ME:EST,NED MOHAN,POWER ELECTRONICS,JOHNWILEY&SONS,Available
32029,ME:EST,CYRIL W LANDER,POWER ELECTRONICS,MCGRAW-HILL,Available
32030,ME:EST,RAKOSH DAS  BEGAMUDRE,EXTRA HIGH VOLTAGE A.C. TRANSMISSION ENGINEERING,NEWAGEINTERNATIONAL,Available
32031,ME:EST,V R MOORTHI,POWER ELECTRONICS,OXFORDUNIVERCITYPRESS,Available
32032,ME:STE,A S GUPTA,CALCULUS OF VARIATIONS WITH APPLICATIONS,PRENTICEHALL,Available
32033,ME:EST,ALAN V OPPENHEIM,Digital Signal Processing,PREENTICE-HALLOFINDIAPRIVATELIMITED,Available
32034,ME:EST,MUHAMMAD H RASHID,INTRODUCTION TO PSPICE USING ORCAD,PRENTCIE-HALLOFINDIA,Available
32035,ME:EST,MICHAEL SLATER,MICROPROCESSOR BASED DESIGN,PREENTICE-HALLOFINDIAPRIVATELIMITED,Not for loan
32036,ME:EST,S SALIVAHANAN,DIGITAL SIGNAL APROACESSING,TATAMCGRAW-HILL,Not for loan
32037,ME:EST,M D SINGH,POWER ELECTRONICS,TATAMCGRAW-HILL,Available
32038,ME:EST,JOHN B PEATMAN,DESIGN WITH PIC MICCONTROLLERS,PEARSONEDUCATION,Not for loan
32039,ME:EST,HAMDY A TAHA,Operations Research,PEARSONEDUCATION,Not for loan
32040,ME:EST,D DRIANKOV,AN INTRODUCTION FUZZY CONTROL,NAROSA,Not for loan
32041,ME:EST,GOPAL K DUBEY,Fundamentals Of Electrical Drives,NAROSAPUBLISHINGHOUSEPVT.LTD.,Available
32042,ME:EST,DIMITRI BERTSEKAS,Data Networks,PREENTICE-HALLOFINDIAPRIVATELIMITED,Available
32043,ME:EST,GEORAGE J KLIR,"FUZZY SETS, UNCERTAINITY AND INFORMATION",PRENTCIE-HALLOFINDIA,Not for loan
32044,ME:EST,BART KOSKO,NEURAL NETWORKS AND FUZZY SYSTEMS,PRENTICEHALLOFINDIA,Available
32045,ME:EST,R KRISHNAN,ELECTRIC MOTOR DRIVES,PRENTICEHALLOFINDIAPRIVATELIMITED,Not for loan
32046,ME:EST,JOHN G DROAKIS,DIGITAL SIGNAL PROCESSING,PREENTICE-HALLOFINDIAPRIVATELIMITED,Available
32048,ME:EST,ANDREW S TANENBAUM,COMPUTER NETWOKS,PREENTICE-HALLOFINDIAPRIVATELIMITED,Not for loan
32049,ME:EST,WAMAN S JAWADEKAR,SOFTWARE ENGINEERING,TATAMCGRAW-HILL,Not for loan
32050,ME:EST,PEYTON Z PEEBLES,PROBABILITY RANDOM VARIABLES AND RANDOM SIGNAL PRINCIPLES,TATAMCGRAW-HILL,Not for loan
32051,ME:EST,VEDAM SUBRAMANUAM,ELECTRIC DRIVES,TATAMCGRAWHILLPUBLISHINGCOM.LTD,Available
32052,ME:EST,PREM KUMAR GUPTA,OPERATIONS RESCARCH,SCHAND&CO,Available
32053,ME:EST,RICHARD E FAIRLEY,SOFTWARE ENGINEERING CONCEPTS,TATAMCGRAW-HILL,Not for loan
32054,ME:EST,IAN SOMMERVILLE,Software Engineering,PEARSIONEDUCATION,Available
32055,ME:EST,FANG LIN LUO,DIGITAL POWER ELECTRONICS AND APPLOICATIONS,ACADEMICPRESS,Not for loan
32056,ME:EST,ROBERT W ERICKSON,FUNDAMENTALS OF POWER ELECTRONICS,SPRINGERPUB,Available
32057,ME:EST,PETER P SILVESTER,FINITE ELEMENTS FOR ELECTRICAL ENGINEERINGS,CAMBRIDGEUNIVERSITYPRESS,Not for loan
32058,ME:EST,B JAYANT BALIGA,POWER SEMICONDUCTOR DEVICES,THOMPSON,Not for loan
32059,ME:EST,PAULO S R DINIZ,DIGITAL SIGNAL  PROCESSING,CAMBRIDGEUNIVERSITYPRESS,Not for loan
32060,ME:EST,M GOPAL,DIGITAL CONTROL ENGINEERING,NEWAGEINTERNATIOALPUBLISHERS,Not for loan
32061,ME:EST,M S NAIDU,High Voltage Engineering,TATAMCGRAW-HILL,Not for loan
32062,ME:EST,I J NAGARATH,Systems Modelling And Analysis,TATAMCGRAW-HILLPUBLISHINGCOM.LTD,Not for loan
32063,ME:EST,JOHN YEN AND REZA LANGARI,FUZZY LOGIC,PEARSONEDUCATION,Not for loan
32064,ME:EST,TIMOTHY J ROSS,FUZZY LOGIC WITH ENGINEERING APPLICATIONS,MCGRAW-HILL,Not for loan
32065,ME:EST,K PADMANABHAN,A PRACTICAL APPROACH TO DIGITAL SIGNAL PROCESSING,NEWAGEINTERNATIONAL,Available
32066,ME:EST,DAVID CALCUTT,8051 MICROCONTROLLERS,NEWNES,Not for loan
32067,ME:EST,M N BANDYOPADHYAY,CONTROL ENGINEERING,PRENTICEHALL,Not for loan
32068,ME:EST,S POORNA CHANDRA,DIGITAL SIGANL PROCESSING,VIJAYNICOLE,Available
32069,ME:EST,STEVE WHITE,DIGITAL SIGANL PROCESSING,VIKASPUBLISHINGHOUSPVTLTD,Not for loan
32070,ME:EST,S P EUGENE XAVIER,DIGITAL SIGNAL PROCESSING,SCHAND,Available
32072,ME:EST,E ACHA,POWER ELECTRONIC CONTROL IN ELECTRICAL SYSTEMS,ELSEVIER,Not for loan
32073,ME:EST,ALAN V OPPENHEIM,DIGITAL SI,PRENTCIE-HALLOFINDIA,Not for loan
32074,ME:EST,LAWRENCE R RABINER,Theory And Application Of Digital Signal Processing,PRENTCIE-HALLOFINDIA,Not for loan
32075,ME:EST,BIMAL K BOSE,MODERN POWER ELECTRONICS AND AC DRIVES,PEARSONEDUCATION,Not for loan
32076,ME:EST,KATSUHIKO OGATA,SYSTEM DYNAMICS,PEARSIONEDUCATION,Not for loan
32077,ME:EST,RAGHVEER M RAO,WAVELET TRANSFORMS,PEARSONEDUCATION,Not for loan
32078,ME:EST,GENE F FRANKLIN,FEEDBACK CONTROL OF DYNAMIC SYSTEMS,PEARSIONEDUCATION,Not for loan
32079,ME:EST,P C SEN,Principles Of Electric Machines And Power Electronics,WILEY,Available
32080,ME:EST,P C SEN,Principles Of Electric Machines And Power Electronics,WILEY,Available
32081,ME:EST,ANDREW S TANENBAUM,COMPUTER NETWORKS,PEARSONEDUCATION,Available
32082,ME:EST,S KESHAV,AN ENGINEERING APPROACH TO COMPUTER NETWORKING,PEARSIONEDUCATION,Not for loan
32083,ME:EST,ASHFAQ AHMED,POWER ELECTRONICS FOR TECHNOLOGY,PEARSIONEDUCATION,Not for loan
32084,ME:EST,J K SHARMA,OPERATIONS RESCARCH,MACMILLAN,Available
32085,ME:EST,FRANCIS H RAVEN,AUTOMATIC CONTROL ENGINEERING,MCGRAW-HILL,Not for loan
32086,ME:EST,GOPAL K DUBEY,Fundamentals Of Electrical Drives,NAROSAPUBLISHINGHOUSEPVT.LTD.,Available
32087,ME:EST,GOPAL K DUBEY,Fundamentals Of Electrical Drives,NAROSAPUBLISHINGHOUSEPVT.LTD.,Not for loan
32088,ME:EST,S K PILLAI,A FIRST COURSE ON ELECTRICAL DRIVES,NEWAGEINTERNATIONAL,Not for loan
32089,ME:EST,ALI BEHFOROOZ,SOFTWARE ENGINEERING FUNDAMENTALS,OXFORDUNIVERCITYPRESS,Not for loan
32090,ME:EST,BENJAMIN C KUO,DIGITAL CONTROL SYSTEMS,OXFORD,Not for loan
32091,ME:EST,N P PADHY,ARTIFICIAL INTELLEGENCE AND INTELLIGENT SYSTEMS,OXFORDUNIVERCITYPRESS,Not for loan
32092,ME:EST,R PANNEERSELAM,OPERATIONS RESEARCH,PRENTIC-HALL[P]LTD,Available
32093,ME:EST,KENNETH J AYALA,THE 8051 MICROCONTROL,THOMSONDELMAR,Not for loan
32094,ME:EST,ALOK JAIN,POWER ELECTRONICS AND ITS APPLICATIONS,PENRAMINTERNATIONAL,Not for loan
32095,ME:EST,ROBERTO CRISTI,MODERN DIGITAL SIGNAL PROCESSING,THOMSONBROOKSCOLE,Not for loan
32097,ME:EST,KENNETH J HINTZ,MICROCONTROLLERS,TATAMCGRAW-HILL,Not for loan
32098,ME:EST,J MICHAEL JACOB,POWER ELECTRONICS,THOMSONBROOKSCOLE,Available
32099,ME:EST,D L PAUL MINH,APPLIED PROBABILITY MODELS,DUXBURYPRESS,Not for loan
32100,ME:EST,KATSUHIKO OGATA,Modern Control Engineering,PEARSIONEDUCATION,Available
32101,ME:EST,MUHAMMAD H RASHID,POWER ELECTRONICS,PREENTICE-HALLOFINDIAPRIVATELIMITED,Available
32102,ME:EST,NED MOHAN,POWER ELECTRONICS,JOHNWILEY&SONS,Available
32103,ME:EST,JOSE DUATO,INTERCONNECTION NETWORKS,ELS,Not for loan
32104,ME:EST,STEVE HEATH,EMEDDED SYSTEMS DESIGN,ELSEVIER,Not for loan
32105,ME:EST,SINGIRESU S RAO,THE FINITE ELEMENT METHOD IN ENGINEERING,"BUFFERWORTHHEINMANNLTD,.",Not for loan
32106,ME:EST,HARISH C RAI,A TEXT BOOK ON POWER ELECTRONICS,GAGOTIAPUBLICATIONSPVT.LTD.,Not for loan
32107,ME:EST,T AMARANATH,ELEMENTARY COURSE IN PARTIAL DIFFERENTIAL EQUATIONS,NAROSA,Available
32108,ME:EST,T AMARANATH,ELEMENTARY COURSE IN PARTIAL DIFFERENTIAL EQUATIONS,NAROSA,Not for loan
32109,ME:EST,A K MUKHOPADHYAY,MICROPROCESSOR MICROCOMPUTER AND THEIR APPLICATIONS,NAROSAPUBLISHINGHOUSE,Not for loan
32110,ME:EST,S RAMA REDDY,FUNDAMENTALS OF POWER ELECTRONICS,NAROSAPUBLISHINGHOUSE,Available
32111,ME:EST,RAKOSH DAS  BEGAMUDRE,EXTRA HIGH VOLTAGE A.C. TRANSMISSION ENGINEERING,NEWAGEINTERNATIONAL,Available
32112,ME:EST,M GOPAL,Modern Control System Theory,NEWAGEINTERNATIOALPUBLISHERS,Not for loan
32113,ME:EST,V R MOORTHI,POWER ELECTRONICS,OXFORDUNIVERCITYPRESS,Available
32114,ME:EST,GEORGE L KUSIC,COMPUTER - AIDED POWER SYSTEMS ANALYSIS,PRENTCIE-HALLOFINDIA,Not for loan
32115,ME:EST,S SALIVAHANAN,Digital Signal Processing,TATAMCGRAW-HILL,Not for loan
32116,ME:EST,S K BHATTA CHARYYA,FUNDAMENTALS OF POWER ELECTRONICS,VIKASPUBLISHERHOUSEPVTLTD,Available
32117,ME:EST,EMMANUEL C IFEACHOR,DIGITAL SIGNAL PROCESSING,PEARSONEDUCATION,Available
32118,ME:EST,FREDRIC S HILLIER,OPERATIONS RESCARCH,CBSPUBLISHER&DISTRIBUTORS,Not for loan
32119,ME:EST,PAUL C KRAUSE,ANALYSIS OF ELECTRIC MACHINERY AND DRIVE SYSTEMS,WILEYINTERSCIENCE,Not for loan
32120,ME:EST,RAVINDRAN,OPERATIONS RESEARCH,WILEY,Available
32121,ME:EST,JOHN G PROAKIS,DIGITAL SIGNAL PROCESSING,PEARSIONEDUCATION,Not for loan
32122,ME:EST,D ROY CHOUDHURY,MODERN CONTROL ENGINEERING,PRENTCIE-HALLOFINDIA,Not for loan
32123,ME:EST,K B DATTA,MATRIX AND LINEAR ALGEBRA,PRENTICEHALLOFINDIA,Not for loan
32124,ME:EST,N K DE,ELECTRIC DRIVES,"PRENTICE-HALLOFINDIAPVT.LTD,.",Not for loan
32125,ME:EST,BISWANATH PAUL,INDUSTRIAL ELECTRONICS AND CONTROL,PRENTICEHALLOFINDIA,Not for loan
32126,ME:EST,MUHAMMAD H RASHID,INTRODUCTION TO PSPICE USING ORCAD,PRENTICE-HALLOFINDIAPVT.LTD,Available
32127,ME:EST,MUHAMMAD H RASHID,INTRODUCTION TO PSPICE USING ORCAD,PRENTICE-HALLOFINDIAPVT.LTD,Not for loan
32128,ME:EST,K SANKARA RAO,INTRODUCTION TO PARTIAL DIFFERENTIAL EQUATIONS,PRENTICE-HALL,Not for loan
32129,ME:EST,ROBERT J SCHILLING,Fundamentals Of Robotics,"PRENTICEHALL,NEWDELHI",Not for loan
32130,ME:EST,RAJENDRA BHATIA,MATRIX ANALYSIS,SPRINGER,Not for loan
32131,ME:EST,H S KASANA,INTRODUCTION TO OPERATIONS RESEACH,SPRINGER,Not for loan
32132,ME:EST,PAUL B ZBAR,INDUSTRIAL ELECTRONICS,TATAMCGRAW-HILL,Not for loan
32134,ME:EST,ASHFAQ AHMED,POWER ELECTERONICS FOR TECHNOLOGY,PEARSONEDUCATION,Not for loan
32135,ME:EST,W SHEPHERD,POWER ELECTRONICS AND MOTOR CONTROL,CAMBRIDGEUNIVERSITYPRESS,Not for loan
32136,ME:EST,WAYNE L WINSTON,OPERATIONS RESEARCH,THOMSONBROOKSCOLE,Available
32137,ME:EST,RICHARD BRONSON,THEROY AND PROBLEMS OF MATRIX OPERATIONS,TATAMCGRAW-HILL,Not for loan
32138,ME:EST,HILLIER,INTRODUCTION TO OPERATIONS RESEARCH,TATAMCGRAW-HILL,Not for loan
32139,ME:EST,DAVID V HUTTON,FUNDAMENTALS OF FINITE ELEMENT ANALYSIS,TATAMCGRAW-HILL,Not for loan
32140,ME:EST,JAMES E BRUMBAUGH,HVAC FUNDAMENTALS VOL 3,"WILEYPUBLISHING,INC.",Not for loan
32141,ME:EST,REX MILLER,SMALL ELECTRIC MOTORS,WILEYDREAMTECHINDIAPVTLTD,Not for loan
32142,ME:EST,REX MILLER,ELECTRIC MOTORS,"WILEYPUBLISHING,INC.",Available
32143,ME:EST,REX MILLER,ELECTRIC MOTORS,"WILEYPUBLISHING,INC.",Not for loan
32144,ME:EST,JACEK M ZURADA,INTRODUTION TO ARTIFICIAL NEURAL SYSTEMS,JAICOPUBLISHINGHOUSE,Not for loan
32145,ME:EST,S KALAVATHY,OPERATIONS RESEARCH,VIKASPUBLISHINGHOUSPVTLTD,Available
32147,CSE,N B VENKATESWARLU,INTRODUCTION TO LINUX,BSPUBLICATIONS,Not for loan
32151,CSE,DIMITRI BERTSEKAS,Data Networks,PREENTICE-HALLOFINDIAPRIVATELIMITED,Available
32152,CSE,DIMITRI BERTSEKAS,Data Networks,PREENTICE-HALLOFINDIAPRIVATELIMITED,Available
32153,CSE,DIMITRI BERTSEKAS,Data Networks,PREENTICE-HALLOFINDIAPRIVATELIMITED,Available
32154,CSE,DIMITRI BERTSEKAS,Data Networks,PREENTICE-HALLOFINDIAPRIVATELIMITED,Not for loan
32155,EEE,CYRIL W LANDER,POWER ELECTRONICS,MCGRAW-HILL,Available
32156,EEE,CYRIL W LANDER,POWER ELECTRONICS,MCGRAW-HILL,Available
32157,EEE,CYRIL W LANDER,POWER ELECTRONICS,MCGRAW-HILL,Available
32158,EEE,V R MOORTHI,POWER ELECTRONIC,OXFORDUNIVERCITYPRESS,Available
32159,EEE,V R MOORTHI,POWER ELECTRONIC,OXFORDUNIVERCITYPRESS,Available
32160,EEE,V R MOORTHI,POWER ELECTRONIC,OXFORDUNIVERCITYPRESS,Available
32161,EEE,V R MOORTHI,POWER ELECTRONIC,OXFORDUNIVERCITYPRESS,Available
32162,EEE,V R MOORTHI,POWER ELECTRONIC,OXFORDUNIVERCITYPRESS,Not for loan
32163,MATHS,A S GUPTA,CALCULUS OF VARIATIONS WITH APPLICATIONS,PRENTICEHALL,Available
32164,MATHS,A S GUPTA,CALCULUS OF VARIATIONS WITH APPLICATIONS,PRENTICEHALL,Available
32165,ME:STE,A S GUPTA,CALCULUS OF VARIATIONS WITH APPLICATIONS,PRENTICEHALL,Not for loan
32166,ME:EST,PREM KUMAR GUPTA,OPERATIONS RESEARCH,SCHAND&CO,Available
32167,ME:EST,PREM KUMAR GUPTA,OPERATIONS RESEARCH,SCHAND&CO,Available
32168,ME:EST,PREM KUMAR GUPTA,OPERATIONS RESEARCH,SCHAND&CO,Not for loan
32169,EEE,P C SEN,Principles Of Electric Machines And Power Electronics,JOHNWILEY&SONS(ASIA)pTE.LTD,Not for loan
32170,EEE,GOPAL K DUBEY,Fundamentals Of Electric Drives,NAROSAPUBLISHINGHOUSE,Available
32171,EEE,GOPAL K DUBEY,Fundamentals Of Electric Drives,NAROSAPUBLISHINGHOUSE,Available
32172,EEE,GOPAL K DUBEY,Fundamentals Of Electric Drives,NAROSAPUBLISHINGHOUSE,Available
32173,EEE,GOPAL K DUBEY,Fundamentals Of Electric Drives,NAROSAPUBLISHINGHOUSE,Available
32174,EEE,GOPAL K DUBEY,Fundamentals Of Electric Drives,NAROSAPUBLISHINGHOUSE,Available
32175,EEE,GOPAL K DUBEY,Fundamentals Of Electric Drives,NAROSAPUBLISHINGHOUSE,Available
32176,EEE,GOPAL K DUBEY,Fundamentals Of Electric Drives,NAROSAPUBLISHINGHOUSE,Available
32177,EEE,GOPAL K DUBEY,Fundamentals Of Electric Drives,NAROSAPUBLISHINGHOUSE,Available
32178,EEE,GOPAL K DUBEY,Fundamentals Of Electric Drives,NAROSAPUBLISHINGHOUSE,Not for loan
32179,CSE,WAMAN S JAWADEKAR,Software Engineering,TATAMCGRAWHILLPUBLISHINGCOMPANNYLTD,Available
32180,CSE,MICHAEL SLATER,MICROPROCESSOR- BASED DESIGN,PRENTICEHALLOFINDIAPRIVATELIMITED,Available
32181,CSE,MICHAEL SLATER,MICROPROCESSOR- BASED DESIGN,PRENTICEHALLOFINDIAPRIVATELIMITED,Available
32182,CSE,MICHAEL SLATER,MICROPROCESSOR- BASED DESIGN,PRENTICEHALLOFINDIAPRIVATELIMITED,Not for loan
32183,EEE,P C SEN,MODERN POWER ELECTRONICS,SCHANDANDCO,Available
32184,EEE,P C SEN,MODERN POWER ELECTRONICS,SCHANDANDCO,Available
32185,EEE,P C SEN,MODERN POWER ELECTRONICS,SCHANDANDCO,Available
32186,EEE,P C SEN,MODERN POWER ELECTRONICS,SCHANDANDCO,Available
32187,EEE,P C SEN,MODERN POWER ELECTRONICS,SCHANDANDCO,Available
32188,EEE,P C SEN,MODERN POWER ELECTRONICS,SCHANDANDCO,Available
32189,EEE,P C SEN,MODERN POWER ELECTRONICS,SCHANDANDCO,Available
32190,EEE,P C SEN,MODERN POWER ELECTRONICS,SCHANDANDCO,Not for loan
32191,EEE,ROBERT W ERICKSON,FUNDAMENTALS OF POWER ELECTRONICS,SPRINGER,Not for loan
32192,EEE,VEDAM SUBRAHMANIYAN,Electric Devices,TATAMCGRAW-HILLPUBLISHIGNGCOMPANYLIMITED,Not for loan
32193,EEE,SUBRAHMANYAM V,Electric Drives,TATAMCGRAW-HILL,Available
32194,EEE,VEDAM SUBRAHMANIYAN,Electric Drives,TATAMCGRAW-HILLPUBLISHINGCO;LTD,Available
32195,EEE,VEDAM SUBRAHMANIYAN,Electric Drives,TATAMCGRAW-HILLPUBLISHINGCO;LTD,Available
32196,EEE,VEDAM SUBRAHMANIYAN,Electric Drives,TATAMCGRAW-HILLPUBLISHINGCO;LTD,Available
32197,EEE,VEDAM SUBRAHMANIYAN,Electric Drives,TATAMCGRAW-HILLPUBLISHINGCO;LTD,Available
32198,EEE,VEDAM SUBRAHMANIYAN,Electric Drives,TATAMCGRAW-HILLPUBLISHINGCO;LTD,Not for loan
32199,CSE,RICHARD FAIRLEY,Software Engineering Concepts,TATAMCGRAW-HILLPUBLISHINGCO;LTD,Available
32200,CSE,RICHARD FAIRLEY,Software Engineering Concepts,TATAMCGRAW-HILLPUBLISHINGCO;LTD,Available
32201,CSE,RICHARD FAIRLEY,Software Engineering Concepts,TATAMCGRAW-HILLPUBLISHINGCO;LTD,Available
32202,CSE,RICHARD FAIRLEY,Software Engineering Concepts,TATAMCGRAW-HILLPUBLISHINGCO;LTD,Not for loan
32203,EEE,BIN WU,HIGH POWER CONVERTERS AND AC DRIVES,WILEYINTERSCIENCE,Not for loan
32204,CSE,BART KOSKO,NEURAL NETWORKS AND FUZZY SYSTEMS,PRENTICEHALLOFINDIA,Available
32205,CSE,BART KOSKO,NEURAL NETWORKS AND FUZZY SYSTEMS,PRENTICEHALLOFINDIA,Available
32206,CSE,BART KOSKO,NEURAL NETWORKS AND FUZZY SYSTEMS,PRENTICEHALLOFINDIA,Available
32207,CSE,BART KOSKO,NEURAL NETWORKS AND FUZZY SYSTEMS,PRENTICEHALLOFINDIA,Available
32208,CSE,BART KOSKO,NEURAL NETWORKS AND FUZZY SYSTEMS,PRENTICEHALLOFINDIA,Not for loan
32218,EEE,MUHAMMAD H RASHID,POWER ELECTRONICS,PREENTICE-HALLOFINDIAPRIVATELIMITED,Available
32219,EEE,MUHAMMAD H RASHID,POWER ELECTRONICS,PREENTICE-HALLOFINDIAPRIVATELIMITED,Available
32220,EEE,MUHAMMAD H RASHID,POWER ELECTRONICS,PREENTICE-HALLOFINDIAPRIVATELIMITED,Available
32221,EEE,MUHAMMAD H RASHID,POWER ELECTRONICS,PREENTICE-HALLOFINDIAPRIVATELIMITED,Available
32222,EEE,MUHAMMAD H RASHID,POWER ELECTRONICS,PREENTICE-HALLOFINDIAPRIVATELIMITED,Available
32223,EEE,MUHAMMAD H RASHID,POWER ELECTRONICS,PREENTICE-HALLOFINDIAPRIVATELIMITED,Available
32224,EEE,MUHAMMAD H RASHID,POWER ELECTRONICS,PREENTICE-HALLOFINDIAPRIVATELIMITED,Available
32225,CSE,WILLIAM STALLINGS,DATA AND COMPOUTER C OMMUNICATION,PEARSONEDUCATION,Available
32226,CSE,WILLIAM STALLINGS,DATA AND COMPOUTER C OMMUNICATION,PEARSONEDUCATION,Available
32227,CSE,WILLIAM STALLINGS,DATA AND COMPOUTER C OMMUNICATION,PEARSONEDUCATION,Available
32233,CSE,WILLIAM STALLINGS,DATA AND COMPOUTER C OMMUNICATION,PEARSONEDUCATION,Not for loan
32234,CSE,ANDREW S  TANENBAUM,Computer Networks,PEARSONEDCUATION,Available
32235,CSE,ANDREW S  TANENBAUM,Computer Networks,PEARSONEDCUATION,Available
32236,CSE,ANDREW S  TANENBAUM,Computer Networks,PEARSONEDCUATION,Available
32237,CSE,ANDREW S  TANENBAUM,Computer Networks,PEARSONEDCUATION,Available
32238,CSE,ANDREW S  TANENBAUM,Computer Networks,PEARSONEDCUATION,Available
32239,CSE,ANDREW S  TANENBAUM,Computer Networks,PEARSONEDCUATION,Available
32240,CSE,ANDREW S  TANENBAUM,Computer Networks,PEARSONEDCUATION,Available
32241,CSE,ANDREW S  TANENBAUM,Computer Networks,PEARSONEDCUATION,Available
32242,CSE,ANDREW S  TANENBAUM,Computer Networks,PEARSONEDCUATION,Not for loan
32243,ECE,JOHN G DROAKIS,DIGITAL SUGNAL PROCESSING,PEARSONEDCUATION,Available
32244,ECE,JOHN G DROAKIS,DIGITAL SUGNAL PROCESSING,PEARSONEDCUATION,Available
32245,ECE,JOHN G DROAKIS,DIGITAL SUGNAL PROCESSING,PEARSONEDCUATION,Not for loan
32246,CSE,SOMMERVILLE,Software Engineering,PEARSONEDUCATION,Available
32247,CSE,SOMMERVILLE,Software Engineering,PEARSONEDUCATION,Available
32248,CSE,SOMMERVILLE,Software Engineering,PEARSONEDUCATION,Not for loan
32249,EIE,NAGRATH GOPAL,CONTROL SYSTEMS ENGINEERIG,NEWAGEINTERNATIONAL(P)LIMITED,Available
32250,EIE,NAGRATH GOPAL,CONTROL SYSTEMS ENGINEERIG,NEWAGEINTERNATIONAL(P)LIMITED,Available
32251,EIE,NAGRATH GOPAL,CONTROL SYSTEMS ENGINEERIG,NEWAGEINTERNATIONAL(P)LIMITED,Available
32252,EIE,NAGRATH GOPAL,CONTROL SYSTEMS ENGINEERIG,NEWAGEINTERNATIONAL(P)LIMITED,Available
32253,EIE,NAGRATH GOPAL,CONTROL SYSTEMS ENGINEERIG,NEWAGEINTERNATIONAL(P)LIMITED,Not for loan
32254,MECH,A E FITZGERALD,ELECTRIC MACHINERY,TATAMCGRAW-HILLPUBLISHINGCO;LTD,Available
32255,MECH,A E FITZGERALD,ELECTRIC MACHINERY,TATAMCGRAW-HILLPUBLISHINGCO;LTD,Available
32256,MECH,A E FITZGERALD,ELECTRIC MACHINERY,TATAMCGRAW-HILLPUBLISHINGCO;LTD,Available
32257,MECH,A E FITZGERALD,ELECTRIC MACHINERY,TATAMCGRAW-HILLPUBLISHINGCO;LTD,Available
32258,MECH,A E FITZGERALD,ELECTRIC MACHINERY,TATAMCGRAW-HILLPUBLISHINGCO;LTD,Not for loan
32259,EEE,PHILIP T KREIN,ELEMENTS OF POWER ELECTRONICS,OXFORDUNIVERCITYPRESS,Available
32260,EEE,PHILIP T KREIN,ELEMENTS OF POWER ELECTRONICS,OXFORDUNIVERCITYPRESS,Available
32261,EEE,PHILIP T KREIN,ELEMENTS OF POWER ELECTRONICS,OXFORDUNIVERCITYPRESS,Available
32262,EEE,PHILIP T KREIN,ELEMENTS OF POWER ELECTRONICS,OXFORDUNIVERCITYPRESS,Available
32263,EEE,PHILIP T KREIN,ELEMENTS OF POWER ELECTRONICS,OXFORDUNIVERCITYPRESS,Available
32264,EEE,PHILIP T KREIN,ELEMENTS OF POWER ELECTRONICS,OXFORDUNIVERCITYPRESS,Available
32265,EEE,PHILIP T KREIN,ELEMENTS OF POWER ELECTRONICS,OXFORDUNIVERCITYPRESS,Available
32266,EEE,PHILIP T KREIN,ELEMENTS OF POWER ELECTRONICS,OXFORDUNIVERCITYPRESS,Available
32267,EEE,PHILIP T KREIN,ELEMENTS OF POWER ELECTRONICS,OXFORDUNIVERCITYPRESS,Available
32268,EEE,PHILIP T KREIN,ELEMENTS OF POWER ELECTRONICS,OXFORDUNIVERCITYPRESS,Not for loan
32269,EEE,RAKOSH DAS  BEGAMUDRE,EXTRA HIGH VOLTAGE A.C. TRANSMISSION ENGINEERING,NEWAGEINTERNATIONAL,Available
32270,EEE,RAKOSH DAS  BEGAMUDRE,EXTRA HIGH VOLTAGE A.C. TRANSMISSION ENGINEERING,NEWAGEINTERNATIONAL,Available
32271,EEE,RAKOSH DAS  BEGAMUDRE,EXTRA HIGH VOLTAGE A.C. TRANSMISSION ENGINEERING,NEWAGEINTERNATIONAL,Available
32272,EEE,RAKOSH DAS  BEGAMUDRE,EXTRA HIGH VOLTAGE A.C. TRANSMISSION ENGINEERING,NEWAGEINTERNATIONAL,Available
32273,EEE,RAKOSH DAS  BEGAMUDRE,EXTRA HIGH VOLTAGE A.C. TRANSMISSION ENGINEERING,NEWAGEINTERNATIONAL,Available
32274,EEE,RAKOSH DAS  BEGAMUDRE,EXTRA HIGH VOLTAGE A.C. TRANSMISSION ENGINEERING,NEWAGEINTERNATIONAL,Available
32275,EEE,RAKOSH DAS  BEGAMUDRE,EXTRA HIGH VOLTAGE A.C. TRANSMISSION ENGINEERING,NEWAGEINTERNATIONAL,Available
32276,EEE,RAKOSH DAS  BEGAMUDRE,EXTRA HIGH VOLTAGE A.C. TRANSMISSION ENGINEERING,NEWAGEINTERNATIONAL,Not for loan
32277,ECE,K PADMANABHAN,A PRACTICAL APPROACH TO DIGITAL SIGNAL PROCESSING,NEWAGEINTERNATIONAL,Available
32278,ECE,K PADMANABHAN,A PRACTICAL APPROACH TO DIGITAL SIGNAL PROCESSING,NEWAGEINTERNATIONAL,Available
32279,ECE,K PADMANABHAN,A PRACTICAL APPROACH TO DIGITAL SIGNAL PROCESSING,NEWAGEINTERNATIONAL,Available
32282,ECE,K PADMANABHAN,A PRACTICAL APPROACH TO DIGITAL SIGNAL PROCESSING,NEWAGEINTERNATIONAL,Available
32283,ECE,K PADMANABHAN,A PRACTICAL APPROACH TO DIGITAL SIGNAL PROCESSING,NEWAGEINTERNATIONAL,Available
32284,ECE,K PADMANABHAN,A PRACTICAL APPROACH TO DIGITAL SIGNAL PROCESSING,NEWAGEINTERNATIONAL,Available
32285,ECE,K PADMANABHAN,A PRACTICAL APPROACH TO DIGITAL SIGNAL PROCESSING,NEWAGEINTERNATIONAL,Available
32286,ECE,K PADMANABHAN,A PRACTICAL APPROACH TO DIGITAL SIGNAL PROCESSING,NEWAGEINTERNATIONAL,Not for loan
32287,EEE,K R PADIXAR,HVDC POWER TRANSMISSION SYSTEMS,NEWAGEINTERNATIONALPUBLISHERS,Available
32288,EEE,K R PADIXAR,HVDC POWER TRANSMISSION SYSTEMS,NEWAGEINTERNATIONALPUBLISHERS,Available
32289,EEE,K R PADIXAR,HVDC POWER TRANSMISSION SYSTEMS,NEWAGEINTERNATIONALPUBLISHERS,Available
32290,EEE,K R PADIXAR,HVDC POWER TRANSMISSION SYSTEMS,NEWAGEINTERNATIONALPUBLISHERS,Available
32291,EEE,K R PADIXAR,HVDC POWER TRANSMISSION SYSTEMS,NEWAGEINTERNATIONALPUBLISHERS,Available
32292,EEE,K R PADIXAR,HVDC POWER TRANSMISSION SYSTEMS,NEWAGEINTERNATIONALPUBLISHERS,Available
32293,EEE,K R PADIXAR,HVDC POWER TRANSMISSION SYSTEMS,NEWAGEINTERNATIONALPUBLISHERS,Available
32294,EEE,K R PADIXAR,HVDC POWER TRANSMISSION SYSTEMS,NEWAGEINTERNATIONALPUBLISHERS,Available
32295,EEE,K R PADIXAR,HVDC POWER TRANSMISSION SYSTEMS,NEWAGEINTERNATIONALPUBLISHERS,Not for loan
32296,EEE,M D SINGH,POWER ELECTRONICS,TATAMCGRAW-HILL,Available
32297,EEE,M D SINGH,POWER ELECTRONICS,TATAMCGRAW-HILL,Available
32298,EEE,M D SINGH,POWER ELECTRONICS,TATAMCGRAW-HILL,Available
32299,EEE,M D SINGH,POWER ELECTRONICS,TATAMCGRAW-HILL,Available
32300,EEE,M D SINGH,POWER ELECTRONICS,TATAMCGRAW-HILL,Not for loan
32301,ME:EST,KATSUHIKO OGATA,Modern Control Engineering,PEARSIONEDUCATION,Available
32302,EIE,KATSUHIKO OGATA,Modern Control Engineering,PEARSIONEDUCATION,Available
32303,EIE,KATSUHIKO OGATA,Modern Control Engineering,PEARSIONEDUCATION,Available
32304,EIE,KATSUHIKO OGATA,Modern Control Engineering,PEARSIONEDUCATION,Available
32305,EIE,KATSUHIKO OGATA,Modern Control Engineering,PEARSIONEDUCATION,Not for loan
32306,CSE,HAROLD KOONTZ,ESSENTIALS OF MANAGEMENT,TATAMCGRAW-HILL,Available
32307,CSE,HAROLD KOONTZ,ESSENTIALS OF MANAGEMENT,TATAMCGRAW-HILL,Available
32308,CSE,HAROLD KOONTZ,ESSENTIALS OF MANAGEMENT,TATAMCGRAW-HILL,Available
32309,CSE,HAROLD KOONTZ,ESSENTIALS OF MANAGEMENT,TATAMCGRAW-HILL,Available
32310,CSE,HAROLD KOONTZ,ESSENTIALS OF MANAGEMENT,TATAMCGRAW-HILL,Available
32313,MBA,HAROLD KOONTZ,ESSENTIALS OF MANAGEMENT,TATAMCGRAW-HILL,Available
32314,CSE,HAROLD KOONTZ,ESSENTIALS OF MANAGEMENT,TATAMCGRAW-HILL,Available
32315,CSE,HAROLD KOONTZ,ESSENTIALS OF MANAGEMENT,TATAMCGRAW-HILL,Not for loan
32316,CSE,P C TRIPATHI,Principles Of Management,TATAMCGRAW-HILL,Available
32317,CSE,P C TRIPATHI,Principles Of Management,TATAMCGRAW-HILL,Available
32318,CSE,P C TRIPATHI,Principles Of Management,TATAMCGRAW-HILL,Available
32319,CSE,P C TRIPATHI,Principles Of Management,TATAMCGRAW-HILL,Available
32320,CSE,P C TRIPATHI,Principles Of Management,TATAMCGRAW-HILL,Available
32321,CSE,P C TRIPATHI,Principles Of Management,TATAMCGRAW-HILL,Available
32322,CSE,P C TRIPATHI,Principles Of Management,TATAMCGRAW-HILL,Available
32323,CSE,P C TRIPATHI,Principles Of Management,TATAMCGRAW-HILL,Not for loan
32324,CSE,JAMES A F STONER,Management,PEARSONEDUCATION,Available
32325,CSE,JAMES A F STONER,Management,PEARSONEDUCATION,Available
32326,CSE,JAMES A F STONER,Management,PEARSONEDUCATION,Available
32327,CSE,JAMES A F STONER,Management,PEARSONEDUCATION,Available
32328,CSE,JAMES A F STONER,Management,PEARSONEDUCATION,Available
32329,CSE,JAMES A F STONER,Management,PEARSONEDUCATION,Available
32330,CSE,JAMES A F STONER,Management,PEARSONEDUCATION,Available
32331,CSE,JAMES A F STONER,Management,PEARSONEDUCATION,Available
32332,CSE,JAMES A F STONER,Management,PEARSONEDUCATION,Available
32333,CSE,JAMES A F STONER,Management,PEARSONEDUCATION,Not for loan
32334,MATHS,J P TREMBLAY,DISCRETE MATHEMATHICAL STRUCTURES WITH APPLICATIONS TO COMPUTER SCIENCE,TATAMCGRAW-HILL,Available
32335,MATHS,J P TREMBLAY,DISCRETE MATHEMATHICAL STRUCTURES WITH APPLICATIONS TO COMPUTER SCIENCE,TATAMCGRAW-HILL,Available
32336,MATHS,J P TREMBLAY,DISCRETE MATHEMATHICAL STRUCTURES WITH APPLICATIONS TO COMPUTER SCIENCE,TATAMCGRAW-HILL,Available
32337,MATHS,J P TREMBLAY,DISCRETE MATHEMATHICAL STRUCTURES WITH APPLICATIONS TO COMPUTER SCIENCE,TATAMCGRAW-HILL,Available
32338,MATHS,J P TREMBLAY,DISCRETE MATHEMATHICAL STRUCTURES WITH APPLICATIONS TO COMPUTER SCIENCE,TATAMCGRAW-HILL,Not for loan
32345,CSE,ANDREW S TANENBAUM,COMPUTER NETWORKS,PEARSONEDUCATION,Available
32346,CSE,ANDREW S TANENBAUM,COMPUTER NETWORKS,PEARSONEDUCATION,Available
32347,CSE,ANDREW S TANENBAUM,COMPUTER NETWORKS,PEARSONEDUCATION,Available
32348,CSE,ANDREW S TANENBAUM,COMPUTER NETWORKS,PEARSONEDUCATION,Not for loan
32349,MATHS,JOHN C MARTIN,INTRODUCTION TO LANGUAGES AND THE THEORY OF COMPUTATION,TATAMCGRAW-HILL,Available
32350,MATHS,JOHN C MARTIN,INTRODUCTION TO LANGUAGES AND THE THEORY OF COMPUTATION,TATAMCGRAW-HILL,Available
32351,MATHS,JOHN C MARTIN,INTRODUCTION TO LANGUAGES AND THE THEORY OF COMPUTATION,TATAMCGRAW-HILL,Available
32352,MATHS,JOHN C MARTIN,INTRODUCTION TO LANGUAGES AND THE THEORY OF COMPUTATION,TATAMCGRAW-HILL,Available
32353,MATHS,JOHN C MARTIN,INTRODUCTION TO LANGUAGES AND THE THEORY OF COMPUTATION,TATAMCGRAW-HILL,Not for loan
32354,CSE,RAMESH GAONKAR,"MICROPROCESSOR ARCHITECTURE , PROGRAMMING AND APPLICATIONS WITH THE 8085",PENRAMINTERNATIONALPUBLISHING,Available
32355,CSE,RAMESH GAONKAR,"MICROPROCESSOR ARCHITECTURE , PROGRAMMING AND APPLICATIONS WITH THE 8085",PENRAMINTERNATIONALPUBLISHING,Available
32356,CSE,RAMESH S GAONKAR,"MICROPROCESSOR ARCHITECTURE , PROGRAMMING AND APPLICATIONS WITH THE 8085",PENRAMINTERNATIONALPUBLISHINGINDIA,Available
32357,CSE,RAMESH S GAONKAR,"MICROPROCESSOR ARCHITECTURE , PROGRAMMING AND APPLICATIONS WITH THE 8085",PENRAMINTERNATIONALPUBLISHINGINDIA,Available
32358,CSE,RAMESH S GAONKAR,"MICROPROCESSOR ARCHITECTURE , PROGRAMMING AND APPLICATIONS WITH THE 8085",PENRAMINTERNATIONALPUBLISHINGINDIA,Available
32359,CSE,RAMESH S GAONKAR,"MICROPROCESSOR ARCHITECTURE , PROGRAMMING AND APPLICATIONS WITH THE 8085",PENRAMINTERNATIONALPUBLISHINGINDIA,Available
32360,CSE,RAMESH S GAONKAR,"MICROPROCESSOR ARCHITECTURE , PROGRAMMING AND APPLICATIONS WITH THE 8085",PENRAMINTERNATIONALPUBLISHINGINDIA,Not for loan
32361,ME:CSE,DOUGLAS V HALL,MICROPROCESSOR AND INTERFACING,TATAMCGRAW-HILL,Available
32362,ME:CSE,DOUGLAS V HALL,MICROPROCESSOR AND INTERFACING,TATAMCGRAW-HILL,Available
32363,ME:CSE,DOUGLAS V HALL,MICROPROCESSOR AND INTERFACING,TATAMCGRAW-HILL,Not for loan
32364,ME:CSE,MUHAMMAD ALI MAZIDI,8051 MICROCONTROLLER AND EMBEDDED SYSTEMS,PEARSIONEDUCATION,Available
32365,ME:CSE,MUHAMMAD ALI MAZIDI,8051 MICROCONTROLLER AND EMBEDDED SYSTEMS,PEARSIONEDUCATION,Available
32366,ME:CSE,MUHAMMAD ALI MAZIDI,8051 MICROCONTROLLER AND EMBEDDED SYSTEMS,PEARSIONEDUCATION,Available
32367,ME:CSE,MUHAMMAD ALI MAZIDI,8051 MICROCONTROLLER AND EMBEDDED SYSTEMS,PEARSIONEDUCATION,Available
32368,ME:CSE,MUHAMMAD ALI MAZIDI,8051 MICROCONTROLLER AND EMBEDDED SYSTEMS,PEARSIONEDUCATION,Available
32369,CSE,K R VENUGOPAL,Mastering C++,TATAMCGRAW-HILL,Available
32370,CSE,K R VENUGOPAL,Mastering C++,TATAMCGRAW-HILL,Available
32371,CSE,K R VENUGOPAL,Mastering C++,TATAMCGRAW-HILL,Available
32372,CSE,K R VENUGOPAL,Mastering C++,TATAMCGRAW-HILL,Available
32373,CSE,K R VENUGOPAL,Mastering C++,TATAMCGRAW-HILL,Available
32374,CSE,K R VENUGOPAL,Mastering C++,TATAMCGRAW-HILL,Available
32375,CSE,K R VENUGOPAL,Mastering C++,TATAMCGRAW-HILL,Available
32376,CSE,K R VENUGOPAL,Mastering C++,TATAMCGRAW-HILL,Available
32377,CSE,K R VENUGOPAL,Mastering C++,TATAMCGRAW-HILL,Available
32378,CSE,K R VENUGOPAL,Mastering C++,TATAMCGRAW-HILL,Available
32379,CSE,K R VENUGOPAL,Mastering C++,TATAMCGRAW-HILL,Available
32380,CSE,K R VENUGOPAL,Mastering C++,TATAMCGRAW-HILL,Available
32381,CSE,K R VENUGOPAL,Mastering C++,TATAMCGRAW-HILL,Available
32382,CSE,K R VENUGOPAL,Mastering C++,TATAMCGRAW-HILL,Available
32383,CSE,K R VENUGOPAL,Mastering C++,TATAMCGRAW-HILL,Available
32384,CSE,K R VENUGOPAL,Mastering C++,TATAMCGRAW-HILL,Available
32385,CSE,K R VENUGOPAL,Mastering C++,TATAMCGRAW-HILL,Available
32386,CSE,K R VENUGOPAL,Mastering C++,TATAMCGRAW-HILL,Available
32388,CSE,K R VENUGOPAL,Mastering C++,TATAMCGRAW-HILL,Available
32389,CSE,K R VENUGOPAL,Mastering C++,TATAMCGRAW-HILL,Available
32390,CSE,K R VENUGOPAL,Mastering C++,TATAMCGRAW-HILL,Available
32391,CSE,K R VENUGOPAL,Mastering C++,TATAMCGRAW-HILL,Available
32392,CSE,K R VENUGOPAL,Mastering C++,TATAMCGRAW-HILL,Available
32394,CSE,K R VENUGOPAL,Mastering C++,TATAMCGRAW-HILL,Available
32395,CSE,K R VENUGOPAL,Mastering C++,TATAMCGRAW-HILL,Available
32396,CSE,K R VENUGOPAL,Mastering C++,TATAMCGRAW-HILL,Available
32397,CSE,K R VENUGOPAL,Mastering C++,TATAMCGRAW-HILL,Available
32398,CSE,K R VENUGOPAL,Mastering C++,TATAMCGRAW-HILL,Available
32399,CSE,K R VENUGOPAL,Mastering C++,TATAMCGRAW-HILL,Available
32400,CSE,K R VENUGOPAL,Mastering C++,TATAMCGRAW-HILL,Available
32401,CSE,K R VENUGOPAL,Mastering C++,TATAMCGRAW-HILL,Available
32402,CSE,K R VENUGOPAL,Mastering C++,TATAMCGRAW-HILL,Available
32403,CSE,K R VENUGOPAL,Mastering C++,TATAMCGRAW-HILL,Available
32404,CSE,K R VENUGOPAL,Mastering C++,TATAMCGRAW-HILL,Available
32405,CSE,K R VENUGOPAL,Mastering C++,TATAMCGRAW-HILL,Available
32406,CSE,K R VENUGOPAL,Mastering C++,TATAMCGRAW-HILL,Available
32407,CSE,K R VENUGOPAL,Mastering C++,TATAMCGRAW-HILL,Available
32408,CSE,K R VENUGOPAL,Mastering C++,TATAMCGRAW-HILL,Not for loan
32409,CSE,WILLIAM STALLINGS,OPERATING SYSTEMS INTERNALS AND DESIGN PRINCIPLES,PEARSONEDUCATION,Available
32410,CSE,WILLIAM STALLINGS,OPERATING SYSTEMS INTERNALS AND DESIGN PRINCIPLES,PEARSONEDUCATION,Available
32419,CSE,WILLIAM STALLINGS,OPERATING SYSTEMS INTERNALS AND DESIGN PRINCIPLES,PEARSONEDUCATION,Available
32420,CSE,WILLIAM STALLINGS,OPERATING SYSTEMS INTERNALS AND DESIGN PRINCIPLES,PEARSONEDUCATION,Available
32421,CSE,WILLIAM STALLINGS,OPERATING SYSTEMS INTERNALS AND DESIGN PRINCIPLES,PEARSONEDUCATION,Available
32422,CSE,WILLIAM STALLINGS,OPERATING SYSTEMS INTERNALS AND DESIGN PRINCIPLES,PEARSONEDUCATION,Available
32423,CSE,WILLIAM STALLINGS,OPERATING SYSTEMS INTERNALS AND DESIGN PRINCIPLES,PEARSONEDUCATION,Not for loan
32424,CSE,CORMAC LONG,IP Network Design,TATAMCGRAW-HILL,Available
32425,CSE,CORMAC LONG,IP Network Design,TATAMCGRAW-HILL,Available
32426,CSE,CORMAC LONG,IP Network Design,TATAMCGRAW-HILL,Available
32427,CSE,CORMAC LONG,IP Network Design,TATAMCGRAW-HILL,Available
32428,CSE,CORMAC LONG,IP Network Design,TATAMCGRAW-HILL,Available
32429,CSE,CORMAC LONG,IP Network Design,TATAMCGRAW-HILL,Available
32430,CSE,CORMAC LONG,IP Network Design,TATAMCGRAW-HILL,Available
32431,CSE,CORMAC LONG,IP Network Design,TATAMCGRAW-HILL,Available
32432,CSE,CORMAC LONG,IP Network Design,TATAMCGRAW-HILL,Available
32433,CSE,CORMAC LONG,IP Network Design,TATAMCGRAW-HILL,Available
32434,CSE,CORMAC LONG,IP Network Design,TATAMCGRAW-HILL,Available
32435,CSE,CORMAC LONG,IP Network Design,TATAMCGRAW-HILL,Available
32436,CSE,CORMAC LONG,IP Network Design,TATAMCGRAW-HILL,Available
32437,CSE,CORMAC LONG,IP Network Design,TATAMCGRAW-HILL,Available
32438,CSE,CORMAC LONG,IP Network Design,TATAMCGRAW-HILL,Available
32439,CSE,CORMAC LONG,IP Network Design,TATAMCGRAW-HILL,Available
32440,CSE,CORMAC LONG,IP Network Design,TATAMCGRAW-HILL,Available
32441,CSE,CORMAC LONG,IP Network Design,TATAMCGRAW-HILL,Available
32442,CSE,CORMAC LONG,IP Network Design,TATAMCGRAW-HILL,Available
32443,CSE,CORMAC LONG,IP Network Design,TATAMCGRAW-HILL,Not for loan
32444,MBA,ZVI BODIE,Investments,TATAMCGRAW-HILL,Available
32445,MBA,ZVI BODIE,Investments,TATAMCGRAW-HILL,Available
32446,MBA,ZVI BODIE,Investments,TATAMCGRAW-HILL,Available
32447,MBA,ZVI BODIE,Investments,TATAMCGRAW-HILL,Not for loan
32448,MBA,JOHNC HULL,OPTIONS FUTURES AND OTHER DERIVATIVES,PEARSONEDUCATION,Available
32449,MBA,JOHNC HULL,OPTIONS FUTURES AND OTHER DERIVATIVES,PEARSONEDUCATION,Available
32450,MBA,JOHNC HULL,OPTIONS FUTURES AND OTHER DERIVATIVES,PEARSONEDUCATION,Available
32451,MBA,JOHNC HULL,OPTIONS FUTURES AND OTHER DERIVATIVES,PEARSONEDUCATION,Available
32452,MBA,JOHNC HULL,OPTIONS FUTURES AND OTHER DERIVATIVES,PEARSONEDUCATION,Not for loan
32453,CSE,JIAWEI HAN,DATA MINING,MORGANKAUFMANN,Available
32454,CSE,JIAWEI HAN,DATA MINING,MORGANKAUFMANN,Available
32455,CSE,JIAWEI HAN,DATA MINING,MORGANKAUFMANN,Available
32459,CSE,JIAWEI HAN,DATA MINING,MORGANKAUFMANN,Available
32460,CSE,JIAWEI HAN,DATA MINING,MORGANKAUFMANN,Available
32461,CSE,JIAWEI HAN,DATA MINING,MORGANKAUFMANN,Available
32462,CSE,JIAWEI HAN,DATA MINING,MORGANKAUFMANN,Not for loan
32463,ECE,JOCHEN H SCHILLER,Mobile Communications,PEARSONEDUCATION,Available
32464,ECE,JOCHEN H SCHILLER,Mobile Communications,PEARSONEDUCATION,Available
32465,ECE,JOCHEN H SCHILLER,Mobile Communications,PEARSONEDUCATION,Available
32466,ECE,JOCHEN H SCHILLER,Mobile Communications,PEARSONEDUCATION,Available
32467,ECE,JOCHEN H SCHILLER,Mobile Communications,PEARSONEDUCATION,Available
32468,ECE,JOCHEN H SCHILLER,Mobile Communications,PEARSONEDUCATION,Available
32469,ECE,JOCHEN H SCHILLER,Mobile Communications,PEARSONEDUCATION,Available
32470,ECE,JOCHEN H SCHILLER,Mobile Communications,PEARSONEDUCATION,Not for loan
32474,ME:CSE,RAFAEL C GONZALEZ,DIGITAL IMAGE PROCESSING,PRENTICEHALLOFINDIA,Available
32475,ME:CSE,RAFAEL C GONZALEZ,DIGITAL IMAGE PROCESSING,PRENTICEHALLOFINDIA,Available
32476,ME:CSE,RAFAEL C GONZALEZ,DIGITAL IMAGE PROCESSING,PRENTICEHALLOFINDIA,Available
32477,ME:CSE,RAFAEL C GONZALEZ,DIGITAL IMAGE PROCESSING,PRENTICEHALLOFINDIA,Available
32478,ME:CSE,RAFAEL C GONZALEZ,DIGITAL IMAGE PROCESSING,PRENTICEHALLOFINDIA,Available
32479,ME:CSE,RAFAEL C GONZALEZ,DIGITAL IMAGE PROCESSING,PRENTICEHALLOFINDIA,Available
32480,ME:CSE,RAFAEL C GONZALEZ,DIGITAL IMAGE PROCESSING,PRENTICEHALLOFINDIA,Available
32481,ME:CSE,RAFAEL C GONZALEZ,DIGITAL IMAGE PROCESSING,PRENTICEHALLOFINDIA,Not for loan
32482,ENG,V CHELLAMMAL,LEARNING TO COMMUNICATE,"ALLIEDPUBLISHERSPRIVATELTD,",Available
32483,ENG,V CHELLAMMAL,LEARNING TO COMMUNICATE,"ALLIEDPUBLISHERSPRIVATELTD,",Available
32484,ENG,V CHELLAMMAL,LEARNING TO COMMUNICATE,"ALLIEDPUBLISHERSPRIVATELTD,",Available
32485,ENG,V CHELLAMMAL,LEARNING TO COMMUNICATE,"ALLIEDPUBLISHERSPRIVATELTD,",Available
32486,ENG,V CHELLAMMAL,LEARNING TO COMMUNICATE,"ALLIEDPUBLISHERSPRIVATELTD,",Not for loan
32487,ENG,HARI MOHAN PRASAD,OBJECTIVE ENGLISH FOR COMPETITIVE EXAMINATIONS,TATAMCGRAW-HILL,Available
32488,ENG,HARI MOHAN PRASAD,OBJECTIVE ENGLISH FOR COMPETITIVE EXAMINATIONS,TATAMCGRAW-HILL,Not for loan
32489,GEN,HARI MOHAN PRASAD,HOW TO PREPARE FOR GROUP DISCUSSION AND INTERVIEW,TATAMCGRAW-HILL,Available
32490,GEN,HARI MOHAN PRASAD,HOW TO PREPARE FOR GROUP DISCUSSION AND INTERVIEW,TATAMCGRAW-HILL,Available
32491,GEN,HARI MOHAN PRASAD,HOW TO PREPARE FOR GROUP DISCUSSION AND INTERVIEW,TATAMCGRAW-HILL,Available
32492,GEN,HARI MOHAN PRASAD,HOW TO PREPARE FOR GROUP DISCUSSION AND INTERVIEW,TATAMCGRAW-HILL,Not for loan
32493,ENG,THOMAS ELLIOTT BERRY,THE MOST COMMON MISTAKES IN ENGLISH USAGE,TATAMCGRAW-HILL,Available
32494,ENG,THOMAS ELLIOTT BERRY,THE MOST COMMON MISTAKES IN ENGLISH USAGE,TATAMCGRAW-HILL,Available
32495,ENG,THOMAS ELLIOTT BERRY,THE MOST COMMON MISTAKES IN ENGLISH USAGE,TATAMCGRAW-HILL,Available
32496,ENG,THOMAS ELLIOTT BERRY,THE MOST COMMON MISTAKES IN ENGLISH USAGE,TATAMCGRAW-HILL,Available
32497,ENG,THOMAS ELLIOTT BERRY,THE MOST COMMON MISTAKES IN ENGLISH USAGE,TATAMCGRAW-HILL,Not for loan
32505,ECE,MUHAMMAD ALI MAZIDI,8051 MICROCONTROLLER AND EMBEDDED SYSTEMS,PEARSIONEDUCATION,Available
32506,ECE,MUHAMMAD ALI MAZIDI,8051 MICROCONTROLLER AND EMBEDDED SYSTEMS,PEARSIONEDUCATION,Available
32507,ECE,MUHAMMAD ALI MAZIDI,8051 MICROCONTROLLER AND EMBEDDED SYSTEMS,PEARSIONEDUCATION,Available
32508,ECE,MUHAMMAD ALI MAZIDI,8051 MICROCONTROLLER AND EMBEDDED SYSTEMS,PEARSIONEDUCATION,Not for loan
32509,ECE,DOUGLAS V HALL,MICROPROCESSOR AND IINTERFACING,TATAMCGRAW-HILL,Available
32510,ECE,DOUGLAS V HALL,MICROPROCESSOR AND IINTERFACING,TATAMCGRAW-HILL,Available
32511,ECE,DOUGLAS V HALL,MICROPROCESSOR AND IINTERFACING,TATAMCGRAW-HILL,Not for loan
32512,ECE,KENNETH J AYALA,8086 MICROPROCESSOR,PENRAMINTERNATIONALPUBLISHING[INDIA],Available
32513,ECE,KENNETH J AYALA,8086 MICROPROCESSOR,PENRAMINTERNATIONALPUBLISHING[INDIA],Available
32514,ECE,KENNETH J AYALA,8086 MICROPROCESSOR,PENRAMINTERNATIONALPUBLISHING[INDIA],Not for loan
32515,ECE,B P LATHI,Modern Digital And Analog Communication Systems,OXFORD&IBHPUBLISHINGCO,Available
32516,ECE,B P LATHI,Modern Digital And Analog Communication Systems,OXFORD&IBHPUBLISHINGCO,Available
32517,ECE,B P LATHI,Modern Digital And Analog Communication Systems,OXFORD&IBHPUBLISHINGCO,Not for loan
32519,ECE,JOHN D KRAUS,ANTENNAS FOR ALL APPLICATIONS,TATAMCGRAW-HILL,Available
32520,ECE,JOHN D KRAUS,ANTENNAS FOR ALL APPLICATIONS,TATAMCGRAW-HILL,Not for loan
32521,ECE,ANNAPURNA DAS,MICROWAVE ENGINEEIRNG,TATAMCGRAW-HILL,Available
32522,ECE,ANNAPURNA DAS,MICROWAVE ENGINEEIRNG,TATAMCGRAW-HILL,Available
32523,ECE,ANNAPURNA DAS,MICROWAVE ENGINEEIRNG,TATAMCGRAW-HILL,Not for loan
32524,ECE,SIMON HAYKIN,Digital Communications,WIILEYINDIA,Not for loan
